sample_file,business_id,financial_date,concept,context_ref,unit_ref,decimals,value_kind,raw_value,period_type,period_start,period_end,instant_date,dimensions_count,financial_line_members
samples/01__0104539-0__2024-10-31.xml,0104539-0,2024-10-31,fi_met:si168,_ctx1,,,text,H. Kuokkasen Peruukkiliike Oy,instant,,,2024-10-31,0,
samples/01__0104539-0__2024-10-31.xml,0104539-0,2024-10-31,fi_met:di120,_ctx1,,,text,2023-11-01,instant,,,2024-10-31,0,
samples/01__0104539-0__2024-10-31.xml,0104539-0,2024-10-31,fi_met:di121,_ctx1,,,text,2024-10-31,instant,,,2024-10-31,0,
samples/01__0104539-0__2024-10-31.xml,0104539-0,2024-10-31,fi_met:si289,_ctx1,,,text,0104539-0,instant,,,2024-10-31,0,
samples/01__0104539-0__2024-10-31.xml,0104539-0,2024-10-31,fi_met:mi53,_ctx64,ISO4217_EUR,2,numeric,96423.82,instant,,,2024-10-31,1,fi_MC:x1742
samples/01__0104539-0__2024-10-31.xml,0104539-0,2024-10-31,fi_met:mi53,_ctx207,ISO4217_EUR,2,numeric,96423.82,instant,,,2023-10-31,2,fi_MC:x1742
samples/01__0104539-0__2024-10-31.xml,0104539-0,2024-10-31,fi_met:mi53,_ctx65,ISO4217_EUR,2,numeric,96423.82,instant,,,2024-10-31,1,fi_MC:x583
samples/01__0104539-0__2024-10-31.xml,0104539-0,2024-10-31,fi_met:mi53,_ctx208,ISO4217_EUR,2,numeric,96423.82,instant,,,2023-10-31,2,fi_MC:x583
samples/01__0104539-0__2024-10-31.xml,0104539-0,2024-10-31,fi_met:mi53,_ctx66,ISO4217_EUR,2,numeric,96423.82,instant,,,2024-10-31,1,fi_MC:x513
samples/01__0104539-0__2024-10-31.xml,0104539-0,2024-10-31,fi_met:mi53,_ctx209,ISO4217_EUR,2,numeric,96423.82,instant,,,2023-10-31,2,fi_MC:x513
samples/01__0104539-0__2024-10-31.xml,0104539-0,2024-10-31,fi_met:mi53,_ctx67,ISO4217_EUR,2,numeric,338047.03,instant,,,2024-10-31,1,fi_MC:x1757
samples/01__0104539-0__2024-10-31.xml,0104539-0,2024-10-31,fi_met:mi53,_ctx210,ISO4217_EUR,2,numeric,341085.34,instant,,,2023-10-31,2,fi_MC:x1757
samples/01__0104539-0__2024-10-31.xml,0104539-0,2024-10-31,fi_met:mi53,_ctx72,ISO4217_EUR,2,numeric,338047.03,instant,,,2024-10-31,1,fi_MC:x807
samples/01__0104539-0__2024-10-31.xml,0104539-0,2024-10-31,fi_met:mi53,_ctx215,ISO4217_EUR,2,numeric,341085.34,instant,,,2023-10-31,2,fi_MC:x807
samples/01__0104539-0__2024-10-31.xml,0104539-0,2024-10-31,fi_met:mi53,_ctx82,ISO4217_EUR,2,numeric,47893.51,instant,,,2024-10-31,1,fi_MC:x1769
samples/01__0104539-0__2024-10-31.xml,0104539-0,2024-10-31,fi_met:mi53,_ctx225,ISO4217_EUR,2,numeric,32497.89,instant,,,2023-10-31,2,fi_MC:x1769
samples/01__0104539-0__2024-10-31.xml,0104539-0,2024-10-31,fi_met:mi53,_ctx86,ISO4217_EUR,2,numeric,17.81,instant,,,2024-10-31,1,fi_MC:x1771
samples/01__0104539-0__2024-10-31.xml,0104539-0,2024-10-31,fi_met:mi53,_ctx229,ISO4217_EUR,2,numeric,0.00,instant,,,2023-10-31,2,fi_MC:x1771
samples/01__0104539-0__2024-10-31.xml,0104539-0,2024-10-31,fi_met:mi53,_ctx87,ISO4217_EUR,2,numeric,6362.75,instant,,,2024-10-31,1,fi_MC:x1775
samples/01__0104539-0__2024-10-31.xml,0104539-0,2024-10-31,fi_met:mi53,_ctx230,ISO4217_EUR,2,numeric,4149.05,instant,,,2023-10-31,2,fi_MC:x1775
samples/01__0104539-0__2024-10-31.xml,0104539-0,2024-10-31,fi_met:mi53,_ctx88,ISO4217_EUR,2,numeric,54274.07,instant,,,2024-10-31,1,fi_MC:x1768
samples/01__0104539-0__2024-10-31.xml,0104539-0,2024-10-31,fi_met:mi53,_ctx231,ISO4217_EUR,2,numeric,36646.94,instant,,,2023-10-31,2,fi_MC:x1768
samples/01__0104539-0__2024-10-31.xml,0104539-0,2024-10-31,fi_met:mi53,_ctx89,ISO4217_EUR,2,numeric,54274.07,instant,,,2024-10-31,1,fi_MC:x438
samples/01__0104539-0__2024-10-31.xml,0104539-0,2024-10-31,fi_met:mi53,_ctx232,ISO4217_EUR,2,numeric,36646.94,instant,,,2023-10-31,2,fi_MC:x438
samples/01__0104539-0__2024-10-31.xml,0104539-0,2024-10-31,fi_met:mi53,_ctx94,ISO4217_EUR,2,numeric,95427.06,instant,,,2024-10-31,1,fi_MC:x399
samples/01__0104539-0__2024-10-31.xml,0104539-0,2024-10-31,fi_met:mi53,_ctx237,ISO4217_EUR,2,numeric,131499.99,instant,,,2023-10-31,2,fi_MC:x399
samples/01__0104539-0__2024-10-31.xml,0104539-0,2024-10-31,fi_met:mi53,_ctx95,ISO4217_EUR,2,numeric,487748.16,instant,,,2024-10-31,1,fi_MC:x435
samples/01__0104539-0__2024-10-31.xml,0104539-0,2024-10-31,fi_met:mi53,_ctx238,ISO4217_EUR,2,numeric,509232.27,instant,,,2023-10-31,2,fi_MC:x435
samples/01__0104539-0__2024-10-31.xml,0104539-0,2024-10-31,fi_met:mi53,_ctx96,ISO4217_EUR,2,numeric,584171.98,instant,,,2024-10-31,1,fi_MC:x360
samples/01__0104539-0__2024-10-31.xml,0104539-0,2024-10-31,fi_met:mi53,_ctx239,ISO4217_EUR,2,numeric,605656.09,instant,,,2023-10-31,2,fi_MC:x360
samples/01__0104539-0__2024-10-31.xml,0104539-0,2024-10-31,fi_met:mi53,_ctx97,ISO4217_EUR,2,numeric,11773.15,instant,,,2024-10-31,1,fi_MC:x4116
samples/01__0104539-0__2024-10-31.xml,0104539-0,2024-10-31,fi_met:mi53,_ctx240,ISO4217_EUR,2,numeric,11773.15,instant,,,2023-10-31,2,fi_MC:x4116
samples/01__0104539-0__2024-10-31.xml,0104539-0,2024-10-31,fi_met:mi53,_ctx106,ISO4217_EUR,2,numeric,382214.33,instant,,,2024-10-31,1,fi_MC:x932
samples/01__0104539-0__2024-10-31.xml,0104539-0,2024-10-31,fi_met:mi53,_ctx249,ISO4217_EUR,2,numeric,382213.65,instant,,,2023-10-31,2,fi_MC:x932
samples/01__0104539-0__2024-10-31.xml,0104539-0,2024-10-31,fi_met:mi53,_ctx107,ISO4217_EUR,2,numeric,56980.82,instant,,,2024-10-31,1,fi_MC:x2895
samples/01__0104539-0__2024-10-31.xml,0104539-0,2024-10-31,fi_met:mi53,_ctx250,ISO4217_EUR,2,numeric,111750.78,instant,,,2023-10-31,2,fi_MC:x2895
samples/01__0104539-0__2024-10-31.xml,0104539-0,2024-10-31,fi_met:mi53,_ctx109,ISO4217_EUR,2,numeric,450968.30,instant,,,2024-10-31,1,fi_MC:x376
samples/01__0104539-0__2024-10-31.xml,0104539-0,2024-10-31,fi_met:mi53,_ctx252,ISO4217_EUR,2,numeric,505737.58,instant,,,2023-10-31,2,fi_MC:x376
samples/01__0104539-0__2024-10-31.xml,0104539-0,2024-10-31,fi_met:mi53,_ctx138,ISO4217_EUR,2,numeric,2451.68,instant,,,2024-10-31,1,fi_MC:x1819
samples/01__0104539-0__2024-10-31.xml,0104539-0,2024-10-31,fi_met:mi53,_ctx281,ISO4217_EUR,2,numeric,3285.72,instant,,,2023-10-31,2,fi_MC:x1819
samples/01__0104539-0__2024-10-31.xml,0104539-0,2024-10-31,fi_met:mi53,_ctx140,ISO4217_EUR,2,numeric,77900.37,instant,,,2024-10-31,1,fi_MC:x1825
samples/01__0104539-0__2024-10-31.xml,0104539-0,2024-10-31,fi_met:mi53,_ctx283,ISO4217_EUR,2,numeric,35582.08,instant,,,2023-10-31,2,fi_MC:x1825
samples/01__0104539-0__2024-10-31.xml,0104539-0,2024-10-31,fi_met:mi53,_ctx141,ISO4217_EUR,2,numeric,52851.63,instant,,,2024-10-31,1,fi_MC:x1826
samples/01__0104539-0__2024-10-31.xml,0104539-0,2024-10-31,fi_met:mi53,_ctx284,ISO4217_EUR,2,numeric,61050.71,instant,,,2023-10-31,2,fi_MC:x1826
samples/01__0104539-0__2024-10-31.xml,0104539-0,2024-10-31,fi_met:mi53,_ctx142,ISO4217_EUR,2,numeric,133203.68,instant,,,2024-10-31,1,fi_MC:x1811
samples/01__0104539-0__2024-10-31.xml,0104539-0,2024-10-31,fi_met:mi53,_ctx285,ISO4217_EUR,2,numeric,99918.51,instant,,,2023-10-31,2,fi_MC:x1811
samples/01__0104539-0__2024-10-31.xml,0104539-0,2024-10-31,fi_met:mi53,_ctx143,ISO4217_EUR,2,numeric,133203.68,instant,,,2024-10-31,1,fi_MC:x424
samples/01__0104539-0__2024-10-31.xml,0104539-0,2024-10-31,fi_met:mi53,_ctx286,ISO4217_EUR,2,numeric,99918.51,instant,,,2023-10-31,2,fi_MC:x424
samples/01__0104539-0__2024-10-31.xml,0104539-0,2024-10-31,fi_met:mi53,_ctx144,ISO4217_EUR,2,numeric,584171.98,instant,,,2024-10-31,1,fi_MC:x481
samples/01__0104539-0__2024-10-31.xml,0104539-0,2024-10-31,fi_met:mi53,_ctx287,ISO4217_EUR,2,numeric,605656.09,instant,,,2023-10-31,2,fi_MC:x481
samples/01__0104539-0__2024-10-31.xml,0104539-0,2024-10-31,fi_met:md103,_ctx2,ISO4217_EUR,2,numeric,801301.28,instant,,,2024-10-31,1,fi_MC:x673
samples/01__0104539-0__2024-10-31.xml,0104539-0,2024-10-31,fi_met:md103,_ctx145,ISO4217_EUR,2,numeric,800484.80,instant,,,2023-10-31,2,fi_MC:x673
samples/01__0104539-0__2024-10-31.xml,0104539-0,2024-10-31,fi_met:md103,_ctx5,ISO4217_EUR,2,numeric,10889.65,instant,,,2024-10-31,1,fi_MC:x49
samples/01__0104539-0__2024-10-31.xml,0104539-0,2024-10-31,fi_met:md103,_ctx148,ISO4217_EUR,2,numeric,7590.20,instant,,,2023-10-31,2,fi_MC:x49
samples/01__0104539-0__2024-10-31.xml,0104539-0,2024-10-31,fi_met:md103,_ctx7,ISO4217_EUR,2,numeric,-243017.72,instant,,,2024-10-31,1,fi_MC:x755
samples/01__0104539-0__2024-10-31.xml,0104539-0,2024-10-31,fi_met:md103,_ctx150,ISO4217_EUR,2,numeric,-285814.47,instant,,,2023-10-31,2,fi_MC:x755
samples/01__0104539-0__2024-10-31.xml,0104539-0,2024-10-31,fi_met:md103,_ctx8,ISO4217_EUR,2,numeric,-3038.31,instant,,,2024-10-31,1,fi_MC:x544
samples/01__0104539-0__2024-10-31.xml,0104539-0,2024-10-31,fi_met:md103,_ctx151,ISO4217_EUR,2,numeric,59994.77,instant,,,2023-10-31,2,fi_MC:x544
samples/01__0104539-0__2024-10-31.xml,0104539-0,2024-10-31,fi_met:md103,_ctx9,ISO4217_EUR,2,numeric,0.00,instant,,,2024-10-31,1,fi_MC:x10
samples/01__0104539-0__2024-10-31.xml,0104539-0,2024-10-31,fi_met:md103,_ctx152,ISO4217_EUR,2,numeric,-660.00,instant,,,2023-10-31,2,fi_MC:x10
samples/01__0104539-0__2024-10-31.xml,0104539-0,2024-10-31,fi_met:md103,_ctx10,ISO4217_EUR,2,numeric,-246056.03,instant,,,2024-10-31,1,fi_MC:x758
samples/01__0104539-0__2024-10-31.xml,0104539-0,2024-10-31,fi_met:md103,_ctx153,ISO4217_EUR,2,numeric,-226479.70,instant,,,2023-10-31,2,fi_MC:x758
samples/01__0104539-0__2024-10-31.xml,0104539-0,2024-10-31,fi_met:md103,_ctx11,ISO4217_EUR,2,numeric,-318484.17,instant,,,2024-10-31,1,fi_MC:x6
samples/01__0104539-0__2024-10-31.xml,0104539-0,2024-10-31,fi_met:md103,_ctx154,ISO4217_EUR,2,numeric,-284360.05,instant,,,2023-10-31,2,fi_MC:x6
samples/01__0104539-0__2024-10-31.xml,0104539-0,2024-10-31,fi_met:md103,_ctx13,ISO4217_EUR,2,numeric,-77384.28,instant,,,2024-10-31,1,fi_MC:x8
samples/01__0104539-0__2024-10-31.xml,0104539-0,2024-10-31,fi_met:md103,_ctx156,ISO4217_EUR,2,numeric,-63162.50,instant,,,2023-10-31,2,fi_MC:x8
samples/01__0104539-0__2024-10-31.xml,0104539-0,2024-10-31,fi_met:md103,_ctx14,ISO4217_EUR,2,numeric,-8616.39,instant,,,2024-10-31,1,fi_MC:x9
samples/01__0104539-0__2024-10-31.xml,0104539-0,2024-10-31,fi_met:md103,_ctx157,ISO4217_EUR,2,numeric,-9143.40,instant,,,2023-10-31,2,fi_MC:x9
samples/01__0104539-0__2024-10-31.xml,0104539-0,2024-10-31,fi_met:md103,_ctx15,ISO4217_EUR,2,numeric,-404484.84,instant,,,2024-10-31,1,fi_MC:x5
samples/01__0104539-0__2024-10-31.xml,0104539-0,2024-10-31,fi_met:md103,_ctx158,ISO4217_EUR,2,numeric,-356665.95,instant,,,2023-10-31,2,fi_MC:x5
samples/01__0104539-0__2024-10-31.xml,0104539-0,2024-10-31,fi_met:md103,_ctx20,ISO4217_EUR,2,numeric,-92114.84,instant,,,2024-10-31,1,fi_MC:x1869
samples/01__0104539-0__2024-10-31.xml,0104539-0,2024-10-31,fi_met:md103,_ctx163,ISO4217_EUR,2,numeric,-86794.46,instant,,,2023-10-31,2,fi_MC:x1869
samples/01__0104539-0__2024-10-31.xml,0104539-0,2024-10-31,fi_met:md103,_ctx21,ISO4217_EUR,2,numeric,69535.22,instant,,,2024-10-31,1,fi_MC:x689
samples/01__0104539-0__2024-10-31.xml,0104539-0,2024-10-31,fi_met:md103,_ctx164,ISO4217_EUR,2,numeric,138134.89,instant,,,2023-10-31,2,fi_MC:x689
samples/01__0104539-0__2024-10-31.xml,0104539-0,2024-10-31,fi_met:md103,_ctx26,ISO4217_EUR,2,numeric,1687.50,instant,,,2024-10-31,1,fi_MC:x4133
samples/01__0104539-0__2024-10-31.xml,0104539-0,2024-10-31,fi_met:md103,_ctx169,ISO4217_EUR,2,numeric,1752.50,instant,,,2023-10-31,2,fi_MC:x4133
samples/01__0104539-0__2024-10-31.xml,0104539-0,2024-10-31,fi_met:md103,_ctx29,ISO4217_EUR,2,numeric,18.26,instant,,,2024-10-31,1,fi_MC:x4014
samples/01__0104539-0__2024-10-31.xml,0104539-0,2024-10-31,fi_met:md103,_ctx172,ISO4217_EUR,2,numeric,0.00,instant,,,2023-10-31,2,fi_MC:x4014
samples/01__0104539-0__2024-10-31.xml,0104539-0,2024-10-31,fi_met:md103,_ctx34,ISO4217_EUR,2,numeric,-15.61,instant,,,2024-10-31,1,fi_MC:x4046
samples/01__0104539-0__2024-10-31.xml,0104539-0,2024-10-31,fi_met:md103,_ctx177,ISO4217_EUR,2,numeric,-60.14,instant,,,2023-10-31,2,fi_MC:x4046
samples/01__0104539-0__2024-10-31.xml,0104539-0,2024-10-31,fi_met:md103,_ctx35,ISO4217_EUR,2,numeric,1690.15,instant,,,2024-10-31,1,fi_MC:x12
samples/01__0104539-0__2024-10-31.xml,0104539-0,2024-10-31,fi_met:md103,_ctx178,ISO4217_EUR,2,numeric,1692.36,instant,,,2023-10-31,2,fi_MC:x12
samples/01__0104539-0__2024-10-31.xml,0104539-0,2024-10-31,fi_met:md103,_ctx36,ISO4217_EUR,2,numeric,71225.37,instant,,,2024-10-31,1,fi_MC:x738
samples/01__0104539-0__2024-10-31.xml,0104539-0,2024-10-31,fi_met:md103,_ctx179,ISO4217_EUR,2,numeric,139827.25,instant,,,2023-10-31,2,fi_MC:x738
samples/01__0104539-0__2024-10-31.xml,0104539-0,2024-10-31,fi_met:md103,_ctx41,ISO4217_EUR,2,numeric,-14244.55,instant,,,2024-10-31,1,fi_MC:x541
samples/01__0104539-0__2024-10-31.xml,0104539-0,2024-10-31,fi_met:md103,_ctx184,ISO4217_EUR,2,numeric,-28076.47,instant,,,2023-10-31,2,fi_MC:x541
samples/01__0104539-0__2024-10-31.xml,0104539-0,2024-10-31,fi_met:md103,_ctx42,ISO4217_EUR,2,numeric,56980.82,instant,,,2024-10-31,1,fi_MC:x740
samples/01__0104539-0__2024-10-31.xml,0104539-0,2024-10-31,fi_met:md103,_ctx185,ISO4217_EUR,2,numeric,111750.78,instant,,,2023-10-31,2,fi_MC:x740
samples/02__0144206-2__2024-09-30.xml,0144206-2,2024-09-30,fi_met:si168,_ctx1,,,text,Kello-Optiikka Nyyssönen Oy,instant,,,2024-09-30,0,
samples/02__0144206-2__2024-09-30.xml,0144206-2,2024-09-30,fi_met:di120,_ctx1,,,text,2023-10-01,instant,,,2024-09-30,0,
samples/02__0144206-2__2024-09-30.xml,0144206-2,2024-09-30,fi_met:di121,_ctx1,,,text,2024-09-30,instant,,,2024-09-30,0,
samples/02__0144206-2__2024-09-30.xml,0144206-2,2024-09-30,fi_met:si289,_ctx1,,,text,0144206-2,instant,,,2024-09-30,0,
samples/02__0144206-2__2024-09-30.xml,0144206-2,2024-09-30,fi_met:mi53,_ctx56,ISO4217_EUR,2,numeric,1136.03,instant,,,2024-09-30,1,fi_MC:x1729
samples/02__0144206-2__2024-09-30.xml,0144206-2,2024-09-30,fi_met:mi53,_ctx199,ISO4217_EUR,2,numeric,1136.03,instant,,,2023-09-30,2,fi_MC:x1729
samples/02__0144206-2__2024-09-30.xml,0144206-2,2024-09-30,fi_met:mi53,_ctx58,ISO4217_EUR,2,numeric,1136.03,instant,,,2024-09-30,1,fi_MC:x816
samples/02__0144206-2__2024-09-30.xml,0144206-2,2024-09-30,fi_met:mi53,_ctx201,ISO4217_EUR,2,numeric,1136.03,instant,,,2023-09-30,2,fi_MC:x816
samples/02__0144206-2__2024-09-30.xml,0144206-2,2024-09-30,fi_met:mi53,_ctx59,ISO4217_EUR,2,numeric,268939.25,instant,,,2024-09-30,1,fi_MC:x1737
samples/02__0144206-2__2024-09-30.xml,0144206-2,2024-09-30,fi_met:mi53,_ctx202,ISO4217_EUR,2,numeric,268939.25,instant,,,2023-09-30,2,fi_MC:x1737
samples/02__0144206-2__2024-09-30.xml,0144206-2,2024-09-30,fi_met:mi53,_ctx64,ISO4217_EUR,2,numeric,4541.07,instant,,,2024-09-30,1,fi_MC:x1742
samples/02__0144206-2__2024-09-30.xml,0144206-2,2024-09-30,fi_met:mi53,_ctx207,ISO4217_EUR,2,numeric,4541.07,instant,,,2023-09-30,2,fi_MC:x1742
samples/02__0144206-2__2024-09-30.xml,0144206-2,2024-09-30,fi_met:mi53,_ctx65,ISO4217_EUR,2,numeric,273480.32,instant,,,2024-09-30,1,fi_MC:x583
samples/02__0144206-2__2024-09-30.xml,0144206-2,2024-09-30,fi_met:mi53,_ctx208,ISO4217_EUR,2,numeric,273480.32,instant,,,2023-09-30,2,fi_MC:x583
samples/02__0144206-2__2024-09-30.xml,0144206-2,2024-09-30,fi_met:mi53,_ctx66,ISO4217_EUR,2,numeric,274616.35,instant,,,2024-09-30,1,fi_MC:x513
samples/02__0144206-2__2024-09-30.xml,0144206-2,2024-09-30,fi_met:mi53,_ctx209,ISO4217_EUR,2,numeric,274616.35,instant,,,2023-09-30,2,fi_MC:x513
samples/02__0144206-2__2024-09-30.xml,0144206-2,2024-09-30,fi_met:mi53,_ctx74,ISO4217_EUR,2,numeric,36205.83,instant,,,2024-09-30,1,fi_MC:x2548
samples/02__0144206-2__2024-09-30.xml,0144206-2,2024-09-30,fi_met:mi53,_ctx217,ISO4217_EUR,2,numeric,55941.74,instant,,,2023-09-30,2,fi_MC:x2548
samples/02__0144206-2__2024-09-30.xml,0144206-2,2024-09-30,fi_met:mi53,_ctx81,ISO4217_EUR,2,numeric,36205.83,instant,,,2024-09-30,1,fi_MC:x1761
samples/02__0144206-2__2024-09-30.xml,0144206-2,2024-09-30,fi_met:mi53,_ctx224,ISO4217_EUR,2,numeric,55941.74,instant,,,2023-09-30,2,fi_MC:x1761
samples/02__0144206-2__2024-09-30.xml,0144206-2,2024-09-30,fi_met:mi53,_ctx85,ISO4217_EUR,2,numeric,0.00,instant,,,2024-09-30,1,fi_MC:x1770
samples/02__0144206-2__2024-09-30.xml,0144206-2,2024-09-30,fi_met:mi53,_ctx228,ISO4217_EUR,2,numeric,5333.52,instant,,,2023-09-30,2,fi_MC:x1770
samples/02__0144206-2__2024-09-30.xml,0144206-2,2024-09-30,fi_met:mi53,_ctx88,ISO4217_EUR,2,numeric,0.00,instant,,,2024-09-30,1,fi_MC:x1768
samples/02__0144206-2__2024-09-30.xml,0144206-2,2024-09-30,fi_met:mi53,_ctx231,ISO4217_EUR,2,numeric,5333.52,instant,,,2023-09-30,2,fi_MC:x1768
samples/02__0144206-2__2024-09-30.xml,0144206-2,2024-09-30,fi_met:mi53,_ctx89,ISO4217_EUR,2,numeric,36205.83,instant,,,2024-09-30,1,fi_MC:x438
samples/02__0144206-2__2024-09-30.xml,0144206-2,2024-09-30,fi_met:mi53,_ctx232,ISO4217_EUR,2,numeric,61275.26,instant,,,2023-09-30,2,fi_MC:x438
samples/02__0144206-2__2024-09-30.xml,0144206-2,2024-09-30,fi_met:mi53,_ctx94,ISO4217_EUR,2,numeric,269.14,instant,,,2024-09-30,1,fi_MC:x399
samples/02__0144206-2__2024-09-30.xml,0144206-2,2024-09-30,fi_met:mi53,_ctx237,ISO4217_EUR,2,numeric,5.96,instant,,,2023-09-30,2,fi_MC:x399
samples/02__0144206-2__2024-09-30.xml,0144206-2,2024-09-30,fi_met:mi53,_ctx95,ISO4217_EUR,2,numeric,36474.97,instant,,,2024-09-30,1,fi_MC:x435
samples/02__0144206-2__2024-09-30.xml,0144206-2,2024-09-30,fi_met:mi53,_ctx238,ISO4217_EUR,2,numeric,61281.22,instant,,,2023-09-30,2,fi_MC:x435
samples/02__0144206-2__2024-09-30.xml,0144206-2,2024-09-30,fi_met:mi53,_ctx96,ISO4217_EUR,2,numeric,311091.32,instant,,,2024-09-30,1,fi_MC:x360
samples/02__0144206-2__2024-09-30.xml,0144206-2,2024-09-30,fi_met:mi53,_ctx239,ISO4217_EUR,2,numeric,335897.57,instant,,,2023-09-30,2,fi_MC:x360
samples/02__0144206-2__2024-09-30.xml,0144206-2,2024-09-30,fi_met:mi53,_ctx97,ISO4217_EUR,2,numeric,2522.82,instant,,,2024-09-30,1,fi_MC:x4116
samples/02__0144206-2__2024-09-30.xml,0144206-2,2024-09-30,fi_met:mi53,_ctx240,ISO4217_EUR,2,numeric,2522.82,instant,,,2023-09-30,2,fi_MC:x4116
samples/02__0144206-2__2024-09-30.xml,0144206-2,2024-09-30,fi_met:mi53,_ctx106,ISO4217_EUR,2,numeric,218184.70,instant,,,2024-09-30,1,fi_MC:x932
samples/02__0144206-2__2024-09-30.xml,0144206-2,2024-09-30,fi_met:mi53,_ctx249,ISO4217_EUR,2,numeric,208549.88,instant,,,2023-09-30,2,fi_MC:x932
samples/02__0144206-2__2024-09-30.xml,0144206-2,2024-09-30,fi_met:mi53,_ctx107,ISO4217_EUR,2,numeric,-6738.48,instant,,,2024-09-30,1,fi_MC:x2895
samples/02__0144206-2__2024-09-30.xml,0144206-2,2024-09-30,fi_met:mi53,_ctx250,ISO4217_EUR,2,numeric,9634.82,instant,,,2023-09-30,2,fi_MC:x2895
samples/02__0144206-2__2024-09-30.xml,0144206-2,2024-09-30,fi_met:mi53,_ctx109,ISO4217_EUR,2,numeric,213969.04,instant,,,2024-09-30,1,fi_MC:x376
samples/02__0144206-2__2024-09-30.xml,0144206-2,2024-09-30,fi_met:mi53,_ctx252,ISO4217_EUR,2,numeric,220707.52,instant,,,2023-09-30,2,fi_MC:x376
samples/02__0144206-2__2024-09-30.xml,0144206-2,2024-09-30,fi_met:mi53,_ctx127,ISO4217_EUR,2,numeric,84123.80,instant,,,2024-09-30,1,fi_MC:x2233
samples/02__0144206-2__2024-09-30.xml,0144206-2,2024-09-30,fi_met:mi53,_ctx270,ISO4217_EUR,2,numeric,84123.80,instant,,,2023-09-30,2,fi_MC:x2233
samples/02__0144206-2__2024-09-30.xml,0144206-2,2024-09-30,fi_met:mi53,_ctx129,ISO4217_EUR,2,numeric,84123.80,instant,,,2024-09-30,1,fi_MC:x1830
samples/02__0144206-2__2024-09-30.xml,0144206-2,2024-09-30,fi_met:mi53,_ctx272,ISO4217_EUR,2,numeric,84123.80,instant,,,2023-09-30,2,fi_MC:x1830
samples/02__0144206-2__2024-09-30.xml,0144206-2,2024-09-30,fi_met:mi53,_ctx133,ISO4217_EUR,2,numeric,6949.48,instant,,,2024-09-30,1,fi_MC:x3023
samples/02__0144206-2__2024-09-30.xml,0144206-2,2024-09-30,fi_met:mi53,_ctx276,ISO4217_EUR,2,numeric,28292.52,instant,,,2023-09-30,2,fi_MC:x3023
samples/02__0144206-2__2024-09-30.xml,0144206-2,2024-09-30,fi_met:mi53,_ctx136,ISO4217_EUR,2,numeric,1017.77,instant,,,2024-09-30,1,fi_MC:x3051
samples/02__0144206-2__2024-09-30.xml,0144206-2,2024-09-30,fi_met:mi53,_ctx279,ISO4217_EUR,2,numeric,0.00,instant,,,2023-09-30,2,fi_MC:x3051
samples/02__0144206-2__2024-09-30.xml,0144206-2,2024-09-30,fi_met:mi53,_ctx140,ISO4217_EUR,2,numeric,5031.23,instant,,,2024-09-30,1,fi_MC:x1825
samples/02__0144206-2__2024-09-30.xml,0144206-2,2024-09-30,fi_met:mi53,_ctx283,ISO4217_EUR,2,numeric,2773.73,instant,,,2023-09-30,2,fi_MC:x1825
samples/02__0144206-2__2024-09-30.xml,0144206-2,2024-09-30,fi_met:mi53,_ctx142,ISO4217_EUR,2,numeric,12998.48,instant,,,2024-09-30,1,fi_MC:x1811
samples/02__0144206-2__2024-09-30.xml,0144206-2,2024-09-30,fi_met:mi53,_ctx285,ISO4217_EUR,2,numeric,31066.25,instant,,,2023-09-30,2,fi_MC:x1811
samples/02__0144206-2__2024-09-30.xml,0144206-2,2024-09-30,fi_met:mi53,_ctx143,ISO4217_EUR,2,numeric,97122.28,instant,,,2024-09-30,1,fi_MC:x424
samples/02__0144206-2__2024-09-30.xml,0144206-2,2024-09-30,fi_met:mi53,_ctx286,ISO4217_EUR,2,numeric,115190.05,instant,,,2023-09-30,2,fi_MC:x424
samples/02__0144206-2__2024-09-30.xml,0144206-2,2024-09-30,fi_met:mi53,_ctx144,ISO4217_EUR,2,numeric,311091.32,instant,,,2024-09-30,1,fi_MC:x481
samples/02__0144206-2__2024-09-30.xml,0144206-2,2024-09-30,fi_met:mi53,_ctx287,ISO4217_EUR,2,numeric,335897.57,instant,,,2023-09-30,2,fi_MC:x481
samples/02__0144206-2__2024-09-30.xml,0144206-2,2024-09-30,fi_met:md103,_ctx2,ISO4217_EUR,2,numeric,16000.00,instant,,,2024-09-30,1,fi_MC:x673
samples/02__0144206-2__2024-09-30.xml,0144206-2,2024-09-30,fi_met:md103,_ctx145,ISO4217_EUR,2,numeric,24000.00,instant,,,2023-09-30,2,fi_MC:x673
samples/02__0144206-2__2024-09-30.xml,0144206-2,2024-09-30,fi_met:md103,_ctx20,ISO4217_EUR,2,numeric,-24108.95,instant,,,2024-09-30,1,fi_MC:x1869
samples/02__0144206-2__2024-09-30.xml,0144206-2,2024-09-30,fi_met:md103,_ctx163,ISO4217_EUR,2,numeric,-25126.62,instant,,,2023-09-30,2,fi_MC:x1869
samples/02__0144206-2__2024-09-30.xml,0144206-2,2024-09-30,fi_met:md103,_ctx21,ISO4217_EUR,2,numeric,-8108.95,instant,,,2024-09-30,1,fi_MC:x689
samples/02__0144206-2__2024-09-30.xml,0144206-2,2024-09-30,fi_met:md103,_ctx164,ISO4217_EUR,2,numeric,-1126.62,instant,,,2023-09-30,2,fi_MC:x689
samples/02__0144206-2__2024-09-30.xml,0144206-2,2024-09-30,fi_met:md103,_ctx22,ISO4217_EUR,2,numeric,0.00,instant,,,2024-09-30,1,fi_MC:x3952
samples/02__0144206-2__2024-09-30.xml,0144206-2,2024-09-30,fi_met:md103,_ctx165,ISO4217_EUR,2,numeric,10645.63,instant,,,2023-09-30,2,fi_MC:x3952
samples/02__0144206-2__2024-09-30.xml,0144206-2,2024-09-30,fi_met:md103,_ctx28,ISO4217_EUR,2,numeric,2797.09,instant,,,2024-09-30,1,fi_MC:x4003
samples/02__0144206-2__2024-09-30.xml,0144206-2,2024-09-30,fi_met:md103,_ctx171,ISO4217_EUR,2,numeric,2085.37,instant,,,2023-09-30,2,fi_MC:x4003
samples/02__0144206-2__2024-09-30.xml,0144206-2,2024-09-30,fi_met:md103,_ctx29,ISO4217_EUR,2,numeric,0.01,instant,,,2024-09-30,1,fi_MC:x4014
samples/02__0144206-2__2024-09-30.xml,0144206-2,2024-09-30,fi_met:md103,_ctx172,ISO4217_EUR,2,numeric,140.00,instant,,,2023-09-30,2,fi_MC:x4014
samples/02__0144206-2__2024-09-30.xml,0144206-2,2024-09-30,fi_met:md103,_ctx34,ISO4217_EUR,2,numeric,-1426.63,instant,,,2024-09-30,1,fi_MC:x4046
samples/02__0144206-2__2024-09-30.xml,0144206-2,2024-09-30,fi_met:md103,_ctx177,ISO4217_EUR,2,numeric,-2109.56,instant,,,2023-09-30,2,fi_MC:x4046
samples/02__0144206-2__2024-09-30.xml,0144206-2,2024-09-30,fi_met:md103,_ctx35,ISO4217_EUR,2,numeric,1370.47,instant,,,2024-09-30,1,fi_MC:x12
samples/02__0144206-2__2024-09-30.xml,0144206-2,2024-09-30,fi_met:md103,_ctx178,ISO4217_EUR,2,numeric,10761.44,instant,,,2023-09-30,2,fi_MC:x12
samples/02__0144206-2__2024-09-30.xml,0144206-2,2024-09-30,fi_met:md103,_ctx36,ISO4217_EUR,2,numeric,-6738.48,instant,,,2024-09-30,1,fi_MC:x738
samples/02__0144206-2__2024-09-30.xml,0144206-2,2024-09-30,fi_met:md103,_ctx179,ISO4217_EUR,2,numeric,9634.82,instant,,,2023-09-30,2,fi_MC:x738
samples/02__0144206-2__2024-09-30.xml,0144206-2,2024-09-30,fi_met:md103,_ctx42,ISO4217_EUR,2,numeric,-6738.48,instant,,,2024-09-30,1,fi_MC:x740
samples/02__0144206-2__2024-09-30.xml,0144206-2,2024-09-30,fi_met:md103,_ctx185,ISO4217_EUR,2,numeric,9634.82,instant,,,2023-09-30,2,fi_MC:x740
samples/03__0152307-3__2024-03-31.xml,0152307-3,2024-03-31,fi_met:si168,_ctx1,,,text,Riihimäen Öljypoltinhuolto Oy,instant,,,2024-03-31,0,
samples/03__0152307-3__2024-03-31.xml,0152307-3,2024-03-31,fi_met:di120,_ctx1,,,text,2023-04-01,instant,,,2024-03-31,0,
samples/03__0152307-3__2024-03-31.xml,0152307-3,2024-03-31,fi_met:di121,_ctx1,,,text,2024-03-31,instant,,,2024-03-31,0,
samples/03__0152307-3__2024-03-31.xml,0152307-3,2024-03-31,fi_met:si289,_ctx1,,,text,0152307-3,instant,,,2024-03-31,0,
samples/03__0152307-3__2024-03-31.xml,0152307-3,2024-03-31,fi_met:mi53,_ctx50,ISO4217_EUR,2,numeric,28404.46,instant,,,2024-03-31,1,fi_MC:x2308
samples/03__0152307-3__2024-03-31.xml,0152307-3,2024-03-31,fi_met:mi53,_ctx193,ISO4217_EUR,2,numeric,28404.46,instant,,,2023-03-31,2,fi_MC:x2308
samples/03__0152307-3__2024-03-31.xml,0152307-3,2024-03-31,fi_met:mi53,_ctx53,ISO4217_EUR,2,numeric,6391.79,instant,,,2024-03-31,1,fi_MC:x2334
samples/03__0152307-3__2024-03-31.xml,0152307-3,2024-03-31,fi_met:mi53,_ctx196,ISO4217_EUR,2,numeric,6872.87,instant,,,2023-03-31,2,fi_MC:x2334
samples/03__0152307-3__2024-03-31.xml,0152307-3,2024-03-31,fi_met:mi53,_ctx55,ISO4217_EUR,2,numeric,108322.51,instant,,,2024-03-31,1,fi_MC:x1036
samples/03__0152307-3__2024-03-31.xml,0152307-3,2024-03-31,fi_met:mi53,_ctx198,ISO4217_EUR,2,numeric,58062.17,instant,,,2023-03-31,2,fi_MC:x1036
samples/03__0152307-3__2024-03-31.xml,0152307-3,2024-03-31,fi_met:mi53,_ctx58,ISO4217_EUR,2,numeric,143118.76,instant,,,2024-03-31,1,fi_MC:x816
samples/03__0152307-3__2024-03-31.xml,0152307-3,2024-03-31,fi_met:mi53,_ctx201,ISO4217_EUR,2,numeric,93339.50,instant,,,2023-03-31,2,fi_MC:x816
samples/03__0152307-3__2024-03-31.xml,0152307-3,2024-03-31,fi_met:mi53,_ctx66,ISO4217_EUR,2,numeric,143118.76,instant,,,2024-03-31,1,fi_MC:x513
samples/03__0152307-3__2024-03-31.xml,0152307-3,2024-03-31,fi_met:mi53,_ctx209,ISO4217_EUR,2,numeric,93339.50,instant,,,2023-03-31,2,fi_MC:x513
samples/03__0152307-3__2024-03-31.xml,0152307-3,2024-03-31,fi_met:mi53,_ctx67,ISO4217_EUR,2,numeric,288370.57,instant,,,2024-03-31,1,fi_MC:x1757
samples/03__0152307-3__2024-03-31.xml,0152307-3,2024-03-31,fi_met:mi53,_ctx210,ISO4217_EUR,2,numeric,254708.61,instant,,,2023-03-31,2,fi_MC:x1757
samples/03__0152307-3__2024-03-31.xml,0152307-3,2024-03-31,fi_met:mi53,_ctx68,ISO4217_EUR,2,numeric,1925469.48,instant,,,2024-03-31,1,fi_MC:x1758
samples/03__0152307-3__2024-03-31.xml,0152307-3,2024-03-31,fi_met:mi53,_ctx211,ISO4217_EUR,2,numeric,746129.85,instant,,,2023-03-31,2,fi_MC:x1758
samples/03__0152307-3__2024-03-31.xml,0152307-3,2024-03-31,fi_met:mi53,_ctx72,ISO4217_EUR,2,numeric,2213840.05,instant,,,2024-03-31,1,fi_MC:x807
samples/03__0152307-3__2024-03-31.xml,0152307-3,2024-03-31,fi_met:mi53,_ctx215,ISO4217_EUR,2,numeric,1000838.46,instant,,,2023-03-31,2,fi_MC:x807
samples/03__0152307-3__2024-03-31.xml,0152307-3,2024-03-31,fi_met:mi53,_ctx78,ISO4217_EUR,2,numeric,200.00,instant,,,2024-03-31,1,fi_MC:x1764
samples/03__0152307-3__2024-03-31.xml,0152307-3,2024-03-31,fi_met:mi53,_ctx221,ISO4217_EUR,2,numeric,200.00,instant,,,2023-03-31,2,fi_MC:x1764
samples/03__0152307-3__2024-03-31.xml,0152307-3,2024-03-31,fi_met:mi53,_ctx81,ISO4217_EUR,2,numeric,200.00,instant,,,2024-03-31,1,fi_MC:x1761
samples/03__0152307-3__2024-03-31.xml,0152307-3,2024-03-31,fi_met:mi53,_ctx224,ISO4217_EUR,2,numeric,200.00,instant,,,2023-03-31,2,fi_MC:x1761
samples/03__0152307-3__2024-03-31.xml,0152307-3,2024-03-31,fi_met:mi53,_ctx82,ISO4217_EUR,2,numeric,421493.75,instant,,,2024-03-31,1,fi_MC:x1769
samples/03__0152307-3__2024-03-31.xml,0152307-3,2024-03-31,fi_met:mi53,_ctx225,ISO4217_EUR,2,numeric,215147.32,instant,,,2023-03-31,2,fi_MC:x1769
samples/03__0152307-3__2024-03-31.xml,0152307-3,2024-03-31,fi_met:mi53,_ctx85,ISO4217_EUR,2,numeric,2660.02,instant,,,2024-03-31,1,fi_MC:x1770
samples/03__0152307-3__2024-03-31.xml,0152307-3,2024-03-31,fi_met:mi53,_ctx228,ISO4217_EUR,2,numeric,0.00,instant,,,2023-03-31,2,fi_MC:x1770
samples/03__0152307-3__2024-03-31.xml,0152307-3,2024-03-31,fi_met:mi53,_ctx86,ISO4217_EUR,2,numeric,51624.86,instant,,,2024-03-31,1,fi_MC:x1771
samples/03__0152307-3__2024-03-31.xml,0152307-3,2024-03-31,fi_met:mi53,_ctx229,ISO4217_EUR,2,numeric,39732.13,instant,,,2023-03-31,2,fi_MC:x1771
samples/03__0152307-3__2024-03-31.xml,0152307-3,2024-03-31,fi_met:mi53,_ctx87,ISO4217_EUR,2,numeric,103313.92,instant,,,2024-03-31,1,fi_MC:x1775
samples/03__0152307-3__2024-03-31.xml,0152307-3,2024-03-31,fi_met:mi53,_ctx230,ISO4217_EUR,2,numeric,213515.04,instant,,,2023-03-31,2,fi_MC:x1775
samples/03__0152307-3__2024-03-31.xml,0152307-3,2024-03-31,fi_met:mi53,_ctx88,ISO4217_EUR,2,numeric,579092.55,instant,,,2024-03-31,1,fi_MC:x1768
samples/03__0152307-3__2024-03-31.xml,0152307-3,2024-03-31,fi_met:mi53,_ctx231,ISO4217_EUR,2,numeric,468394.49,instant,,,2023-03-31,2,fi_MC:x1768
samples/03__0152307-3__2024-03-31.xml,0152307-3,2024-03-31,fi_met:mi53,_ctx89,ISO4217_EUR,2,numeric,579292.55,instant,,,2024-03-31,1,fi_MC:x438
samples/03__0152307-3__2024-03-31.xml,0152307-3,2024-03-31,fi_met:mi53,_ctx232,ISO4217_EUR,2,numeric,468594.49,instant,,,2023-03-31,2,fi_MC:x438
samples/03__0152307-3__2024-03-31.xml,0152307-3,2024-03-31,fi_met:mi53,_ctx91,ISO4217_EUR,2,numeric,132.55,instant,,,2024-03-31,1,fi_MC:x2191
samples/03__0152307-3__2024-03-31.xml,0152307-3,2024-03-31,fi_met:mi53,_ctx234,ISO4217_EUR,2,numeric,132.55,instant,,,2023-03-31,2,fi_MC:x2191
samples/03__0152307-3__2024-03-31.xml,0152307-3,2024-03-31,fi_met:mi53,_ctx93,ISO4217_EUR,2,numeric,132.55,instant,,,2024-03-31,1,fi_MC:x578
samples/03__0152307-3__2024-03-31.xml,0152307-3,2024-03-31,fi_met:mi53,_ctx236,ISO4217_EUR,2,numeric,132.55,instant,,,2023-03-31,2,fi_MC:x578
samples/03__0152307-3__2024-03-31.xml,0152307-3,2024-03-31,fi_met:mi53,_ctx94,ISO4217_EUR,2,numeric,261138.68,instant,,,2024-03-31,1,fi_MC:x399
samples/03__0152307-3__2024-03-31.xml,0152307-3,2024-03-31,fi_met:mi53,_ctx237,ISO4217_EUR,2,numeric,199386.57,instant,,,2023-03-31,2,fi_MC:x399
samples/03__0152307-3__2024-03-31.xml,0152307-3,2024-03-31,fi_met:mi53,_ctx95,ISO4217_EUR,2,numeric,3054403.83,instant,,,2024-03-31,1,fi_MC:x435
samples/03__0152307-3__2024-03-31.xml,0152307-3,2024-03-31,fi_met:mi53,_ctx238,ISO4217_EUR,2,numeric,1668952.07,instant,,,2023-03-31,2,fi_MC:x435
samples/03__0152307-3__2024-03-31.xml,0152307-3,2024-03-31,fi_met:mi53,_ctx96,ISO4217_EUR,2,numeric,3197522.59,instant,,,2024-03-31,1,fi_MC:x360
samples/03__0152307-3__2024-03-31.xml,0152307-3,2024-03-31,fi_met:mi53,_ctx239,ISO4217_EUR,2,numeric,1762291.57,instant,,,2023-03-31,2,fi_MC:x360
samples/03__0152307-3__2024-03-31.xml,0152307-3,2024-03-31,fi_met:mi53,_ctx97,ISO4217_EUR,2,numeric,10000.00,instant,,,2024-03-31,1,fi_MC:x4116
samples/03__0152307-3__2024-03-31.xml,0152307-3,2024-03-31,fi_met:mi53,_ctx240,ISO4217_EUR,2,numeric,10000.00,instant,,,2023-03-31,2,fi_MC:x4116
samples/03__0152307-3__2024-03-31.xml,0152307-3,2024-03-31,fi_met:mi53,_ctx106,ISO4217_EUR,2,numeric,356815.88,instant,,,2024-03-31,1,fi_MC:x932
samples/03__0152307-3__2024-03-31.xml,0152307-3,2024-03-31,fi_met:mi53,_ctx249,ISO4217_EUR,2,numeric,464835.05,instant,,,2023-03-31,2,fi_MC:x932
samples/03__0152307-3__2024-03-31.xml,0152307-3,2024-03-31,fi_met:mi53,_ctx107,ISO4217_EUR,2,numeric,81858.29,instant,,,2024-03-31,1,fi_MC:x2895
samples/03__0152307-3__2024-03-31.xml,0152307-3,2024-03-31,fi_met:mi53,_ctx250,ISO4217_EUR,2,numeric,-76123.17,instant,,,2023-03-31,2,fi_MC:x2895
samples/03__0152307-3__2024-03-31.xml,0152307-3,2024-03-31,fi_met:mi53,_ctx109,ISO4217_EUR,2,numeric,448674.17,instant,,,2024-03-31,1,fi_MC:x376
samples/03__0152307-3__2024-03-31.xml,0152307-3,2024-03-31,fi_met:mi53,_ctx252,ISO4217_EUR,2,numeric,398711.88,instant,,,2023-03-31,2,fi_MC:x376
samples/03__0152307-3__2024-03-31.xml,0152307-3,2024-03-31,fi_met:mi53,_ctx119,ISO4217_EUR,2,numeric,74751.26,instant,,,2024-03-31,1,fi_MC:x2934
samples/03__0152307-3__2024-03-31.xml,0152307-3,2024-03-31,fi_met:mi53,_ctx262,ISO4217_EUR,2,numeric,33352.84,instant,,,2023-03-31,2,fi_MC:x2934
samples/03__0152307-3__2024-03-31.xml,0152307-3,2024-03-31,fi_met:mi53,_ctx121,ISO4217_EUR,2,numeric,2094493.23,instant,,,2024-03-31,1,fi_MC:x1805
samples/03__0152307-3__2024-03-31.xml,0152307-3,2024-03-31,fi_met:mi53,_ctx264,ISO4217_EUR,2,numeric,774706.96,instant,,,2023-03-31,2,fi_MC:x1805
samples/03__0152307-3__2024-03-31.xml,0152307-3,2024-03-31,fi_met:mi53,_ctx129,ISO4217_EUR,2,numeric,2169244.49,instant,,,2024-03-31,1,fi_MC:x1830
samples/03__0152307-3__2024-03-31.xml,0152307-3,2024-03-31,fi_met:mi53,_ctx272,ISO4217_EUR,2,numeric,808059.80,instant,,,2023-03-31,2,fi_MC:x1830
samples/03__0152307-3__2024-03-31.xml,0152307-3,2024-03-31,fi_met:mi53,_ctx133,ISO4217_EUR,2,numeric,0.00,instant,,,2024-03-31,1,fi_MC:x3023
samples/03__0152307-3__2024-03-31.xml,0152307-3,2024-03-31,fi_met:mi53,_ctx276,ISO4217_EUR,2,numeric,10875.20,instant,,,2023-03-31,2,fi_MC:x3023
samples/03__0152307-3__2024-03-31.xml,0152307-3,2024-03-31,fi_met:mi53,_ctx138,ISO4217_EUR,2,numeric,191188.59,instant,,,2024-03-31,1,fi_MC:x1819
samples/03__0152307-3__2024-03-31.xml,0152307-3,2024-03-31,fi_met:mi53,_ctx281,ISO4217_EUR,2,numeric,200709.31,instant,,,2023-03-31,2,fi_MC:x1819
samples/03__0152307-3__2024-03-31.xml,0152307-3,2024-03-31,fi_met:mi53,_ctx140,ISO4217_EUR,2,numeric,152672.76,instant,,,2024-03-31,1,fi_MC:x1825
samples/03__0152307-3__2024-03-31.xml,0152307-3,2024-03-31,fi_met:mi53,_ctx283,ISO4217_EUR,2,numeric,110268.93,instant,,,2023-03-31,2,fi_MC:x1825
samples/03__0152307-3__2024-03-31.xml,0152307-3,2024-03-31,fi_met:mi53,_ctx141,ISO4217_EUR,2,numeric,235742.58,instant,,,2024-03-31,1,fi_MC:x1826
samples/03__0152307-3__2024-03-31.xml,0152307-3,2024-03-31,fi_met:mi53,_ctx284,ISO4217_EUR,2,numeric,233666.45,instant,,,2023-03-31,2,fi_MC:x1826
samples/03__0152307-3__2024-03-31.xml,0152307-3,2024-03-31,fi_met:mi53,_ctx142,ISO4217_EUR,2,numeric,579603.93,instant,,,2024-03-31,1,fi_MC:x1811
samples/03__0152307-3__2024-03-31.xml,0152307-3,2024-03-31,fi_met:mi53,_ctx285,ISO4217_EUR,2,numeric,555519.89,instant,,,2023-03-31,2,fi_MC:x1811
samples/03__0152307-3__2024-03-31.xml,0152307-3,2024-03-31,fi_met:mi53,_ctx143,ISO4217_EUR,2,numeric,2748848.42,instant,,,2024-03-31,1,fi_MC:x424
samples/03__0152307-3__2024-03-31.xml,0152307-3,2024-03-31,fi_met:mi53,_ctx286,ISO4217_EUR,2,numeric,1363579.69,instant,,,2023-03-31,2,fi_MC:x424
samples/03__0152307-3__2024-03-31.xml,0152307-3,2024-03-31,fi_met:mi53,_ctx144,ISO4217_EUR,2,numeric,3197522.59,instant,,,2024-03-31,1,fi_MC:x481
samples/03__0152307-3__2024-03-31.xml,0152307-3,2024-03-31,fi_met:mi53,_ctx287,ISO4217_EUR,2,numeric,1762291.57,instant,,,2023-03-31,2,fi_MC:x481
samples/03__0152307-3__2024-03-31.xml,0152307-3,2024-03-31,fi_met:md103,_ctx2,ISO4217_EUR,2,numeric,4429180.57,instant,,,2024-03-31,1,fi_MC:x673
samples/03__0152307-3__2024-03-31.xml,0152307-3,2024-03-31,fi_met:md103,_ctx145,ISO4217_EUR,2,numeric,4199795.75,instant,,,2023-03-31,2,fi_MC:x673
samples/03__0152307-3__2024-03-31.xml,0152307-3,2024-03-31,fi_met:md103,_ctx3,ISO4217_EUR,2,numeric,1179339.63,instant,,,2024-03-31,1,fi_MC:x48
samples/03__0152307-3__2024-03-31.xml,0152307-3,2024-03-31,fi_met:md103,_ctx146,ISO4217_EUR,2,numeric,418481.86,instant,,,2023-03-31,2,fi_MC:x48
samples/03__0152307-3__2024-03-31.xml,0152307-3,2024-03-31,fi_met:md103,_ctx5,ISO4217_EUR,2,numeric,5150.00,instant,,,2024-03-31,1,fi_MC:x49
samples/03__0152307-3__2024-03-31.xml,0152307-3,2024-03-31,fi_met:md103,_ctx148,ISO4217_EUR,2,numeric,23136.19,instant,,,2023-03-31,2,fi_MC:x49
samples/03__0152307-3__2024-03-31.xml,0152307-3,2024-03-31,fi_met:md103,_ctx7,ISO4217_EUR,2,numeric,-1623365.45,instant,,,2024-03-31,1,fi_MC:x755
samples/03__0152307-3__2024-03-31.xml,0152307-3,2024-03-31,fi_met:md103,_ctx150,ISO4217_EUR,2,numeric,-1772955.19,instant,,,2023-03-31,2,fi_MC:x755
samples/03__0152307-3__2024-03-31.xml,0152307-3,2024-03-31,fi_met:md103,_ctx8,ISO4217_EUR,2,numeric,33661.96,instant,,,2024-03-31,1,fi_MC:x544
samples/03__0152307-3__2024-03-31.xml,0152307-3,2024-03-31,fi_met:md103,_ctx151,ISO4217_EUR,2,numeric,-108403.52,instant,,,2023-03-31,2,fi_MC:x544
samples/03__0152307-3__2024-03-31.xml,0152307-3,2024-03-31,fi_met:md103,_ctx9,ISO4217_EUR,2,numeric,-2161873.68,instant,,,2024-03-31,1,fi_MC:x10
samples/03__0152307-3__2024-03-31.xml,0152307-3,2024-03-31,fi_met:md103,_ctx152,ISO4217_EUR,2,numeric,-1107695.09,instant,,,2023-03-31,2,fi_MC:x10
samples/03__0152307-3__2024-03-31.xml,0152307-3,2024-03-31,fi_met:md103,_ctx10,ISO4217_EUR,2,numeric,-3751577.17,instant,,,2024-03-31,1,fi_MC:x758
samples/03__0152307-3__2024-03-31.xml,0152307-3,2024-03-31,fi_met:md103,_ctx153,ISO4217_EUR,2,numeric,-2989053.80,instant,,,2023-03-31,2,fi_MC:x758
samples/03__0152307-3__2024-03-31.xml,0152307-3,2024-03-31,fi_met:md103,_ctx11,ISO4217_EUR,2,numeric,-1131026.94,instant,,,2024-03-31,1,fi_MC:x6
samples/03__0152307-3__2024-03-31.xml,0152307-3,2024-03-31,fi_met:md103,_ctx154,ISO4217_EUR,2,numeric,-1114207.48,instant,,,2023-03-31,2,fi_MC:x6
samples/03__0152307-3__2024-03-31.xml,0152307-3,2024-03-31,fi_met:md103,_ctx13,ISO4217_EUR,2,numeric,-208774.48,instant,,,2024-03-31,1,fi_MC:x8
samples/03__0152307-3__2024-03-31.xml,0152307-3,2024-03-31,fi_met:md103,_ctx156,ISO4217_EUR,2,numeric,-242358.65,instant,,,2023-03-31,2,fi_MC:x8
samples/03__0152307-3__2024-03-31.xml,0152307-3,2024-03-31,fi_met:md103,_ctx14,ISO4217_EUR,2,numeric,-56831.37,instant,,,2024-03-31,1,fi_MC:x9
samples/03__0152307-3__2024-03-31.xml,0152307-3,2024-03-31,fi_met:md103,_ctx157,ISO4217_EUR,2,numeric,-47071.79,instant,,,2023-03-31,2,fi_MC:x9
samples/03__0152307-3__2024-03-31.xml,0152307-3,2024-03-31,fi_met:md103,_ctx15,ISO4217_EUR,2,numeric,-1396632.79,instant,,,2024-03-31,1,fi_MC:x5
samples/03__0152307-3__2024-03-31.xml,0152307-3,2024-03-31,fi_met:md103,_ctx158,ISO4217_EUR,2,numeric,-1403637.92,instant,,,2023-03-31,2,fi_MC:x5
samples/03__0152307-3__2024-03-31.xml,0152307-3,2024-03-31,fi_met:md103,_ctx16,ISO4217_EUR,2,numeric,-36588.62,instant,,,2024-03-31,1,fi_MC:x449
samples/03__0152307-3__2024-03-31.xml,0152307-3,2024-03-31,fi_met:md103,_ctx159,ISO4217_EUR,2,numeric,-19871.25,instant,,,2023-03-31,2,fi_MC:x449
samples/03__0152307-3__2024-03-31.xml,0152307-3,2024-03-31,fi_met:md103,_ctx19,ISO4217_EUR,2,numeric,-36588.62,instant,,,2024-03-31,1,fi_MC:x448
samples/03__0152307-3__2024-03-31.xml,0152307-3,2024-03-31,fi_met:md103,_ctx162,ISO4217_EUR,2,numeric,-19871.25,instant,,,2023-03-31,2,fi_MC:x448
samples/03__0152307-3__2024-03-31.xml,0152307-3,2024-03-31,fi_met:md103,_ctx20,ISO4217_EUR,2,numeric,-328007.31,instant,,,2024-03-31,1,fi_MC:x1869
samples/03__0152307-3__2024-03-31.xml,0152307-3,2024-03-31,fi_met:md103,_ctx163,ISO4217_EUR,2,numeric,-312380.84,instant,,,2023-03-31,2,fi_MC:x1869
samples/03__0152307-3__2024-03-31.xml,0152307-3,2024-03-31,fi_met:md103,_ctx21,ISO4217_EUR,2,numeric,100864.31,instant,,,2024-03-31,1,fi_MC:x689
samples/03__0152307-3__2024-03-31.xml,0152307-3,2024-03-31,fi_met:md103,_ctx164,ISO4217_EUR,2,numeric,-83530.01,instant,,,2023-03-31,2,fi_MC:x689
samples/03__0152307-3__2024-03-31.xml,0152307-3,2024-03-31,fi_met:md103,_ctx26,ISO4217_EUR,2,numeric,546.10,instant,,,2024-03-31,1,fi_MC:x4133
samples/03__0152307-3__2024-03-31.xml,0152307-3,2024-03-31,fi_met:md103,_ctx169,ISO4217_EUR,2,numeric,520.70,instant,,,2023-03-31,2,fi_MC:x4133
samples/03__0152307-3__2024-03-31.xml,0152307-3,2024-03-31,fi_met:md103,_ctx29,ISO4217_EUR,2,numeric,388.87,instant,,,2024-03-31,1,fi_MC:x4014
samples/03__0152307-3__2024-03-31.xml,0152307-3,2024-03-31,fi_met:md103,_ctx172,ISO4217_EUR,2,numeric,1268.92,instant,,,2023-03-31,2,fi_MC:x4014
samples/03__0152307-3__2024-03-31.xml,0152307-3,2024-03-31,fi_met:md103,_ctx34,ISO4217_EUR,2,numeric,-19940.99,instant,,,2024-03-31,1,fi_MC:x4046
samples/03__0152307-3__2024-03-31.xml,0152307-3,2024-03-31,fi_met:md103,_ctx177,ISO4217_EUR,2,numeric,-6704.30,instant,,,2023-03-31,2,fi_MC:x4046
samples/03__0152307-3__2024-03-31.xml,0152307-3,2024-03-31,fi_met:md103,_ctx35,ISO4217_EUR,2,numeric,-19006.02,instant,,,2024-03-31,1,fi_MC:x12
samples/03__0152307-3__2024-03-31.xml,0152307-3,2024-03-31,fi_met:md103,_ctx178,ISO4217_EUR,2,numeric,-4914.68,instant,,,2023-03-31,2,fi_MC:x12
samples/03__0152307-3__2024-03-31.xml,0152307-3,2024-03-31,fi_met:md103,_ctx36,ISO4217_EUR,2,numeric,81858.29,instant,,,2024-03-31,1,fi_MC:x738
samples/03__0152307-3__2024-03-31.xml,0152307-3,2024-03-31,fi_met:md103,_ctx179,ISO4217_EUR,2,numeric,-88444.69,instant,,,2023-03-31,2,fi_MC:x738
samples/03__0152307-3__2024-03-31.xml,0152307-3,2024-03-31,fi_met:md103,_ctx41,ISO4217_EUR,2,numeric,0.00,instant,,,2024-03-31,1,fi_MC:x541
samples/03__0152307-3__2024-03-31.xml,0152307-3,2024-03-31,fi_met:md103,_ctx184,ISO4217_EUR,2,numeric,12321.52,instant,,,2023-03-31,2,fi_MC:x541
samples/03__0152307-3__2024-03-31.xml,0152307-3,2024-03-31,fi_met:md103,_ctx42,ISO4217_EUR,2,numeric,81858.29,instant,,,2024-03-31,1,fi_MC:x740
samples/03__0152307-3__2024-03-31.xml,0152307-3,2024-03-31,fi_met:md103,_ctx185,ISO4217_EUR,2,numeric,-76123.17,instant,,,2023-03-31,2,fi_MC:x740
samples/04__0159948-1__2024-12-31.xml,0159948-1,2024-12-31,fi_met:si168,_ctx1,,,text,Kymen Tilitoimisto Oy,instant,,,2024-12-31,0,
samples/04__0159948-1__2024-12-31.xml,0159948-1,2024-12-31,fi_met:di120,_ctx1,,,text,2024-01-01,instant,,,2024-12-31,0,
samples/04__0159948-1__2024-12-31.xml,0159948-1,2024-12-31,fi_met:di121,_ctx1,,,text,2024-12-31,instant,,,2024-12-31,0,
samples/04__0159948-1__2024-12-31.xml,0159948-1,2024-12-31,fi_met:si289,_ctx1,,,text,0159948-1,instant,,,2024-12-31,0,
samples/04__0159948-1__2024-12-31.xml,0159948-1,2024-12-31,fi_met:mi53,_ctx55,ISO4217_EUR,2,numeric,643.42,instant,,,2024-12-31,1,fi_MC:x1036
samples/04__0159948-1__2024-12-31.xml,0159948-1,2024-12-31,fi_met:mi53,_ctx198,ISO4217_EUR,2,numeric,857.89,instant,,,2023-12-31,2,fi_MC:x1036
samples/04__0159948-1__2024-12-31.xml,0159948-1,2024-12-31,fi_met:mi53,_ctx56,ISO4217_EUR,2,numeric,1225.25,instant,,,2024-12-31,1,fi_MC:x1729
samples/04__0159948-1__2024-12-31.xml,0159948-1,2024-12-31,fi_met:mi53,_ctx199,ISO4217_EUR,2,numeric,2425.25,instant,,,2023-12-31,2,fi_MC:x1729
samples/04__0159948-1__2024-12-31.xml,0159948-1,2024-12-31,fi_met:mi53,_ctx58,ISO4217_EUR,2,numeric,1868.67,instant,,,2024-12-31,1,fi_MC:x816
samples/04__0159948-1__2024-12-31.xml,0159948-1,2024-12-31,fi_met:mi53,_ctx201,ISO4217_EUR,2,numeric,3283.14,instant,,,2023-12-31,2,fi_MC:x816
samples/04__0159948-1__2024-12-31.xml,0159948-1,2024-12-31,fi_met:mi53,_ctx64,ISO4217_EUR,2,numeric,491103.37,instant,,,2024-12-31,1,fi_MC:x1742
samples/04__0159948-1__2024-12-31.xml,0159948-1,2024-12-31,fi_met:mi53,_ctx207,ISO4217_EUR,2,numeric,491103.37,instant,,,2023-12-31,2,fi_MC:x1742
samples/04__0159948-1__2024-12-31.xml,0159948-1,2024-12-31,fi_met:mi53,_ctx65,ISO4217_EUR,2,numeric,491103.37,instant,,,2024-12-31,1,fi_MC:x583
samples/04__0159948-1__2024-12-31.xml,0159948-1,2024-12-31,fi_met:mi53,_ctx208,ISO4217_EUR,2,numeric,491103.37,instant,,,2023-12-31,2,fi_MC:x583
samples/04__0159948-1__2024-12-31.xml,0159948-1,2024-12-31,fi_met:mi53,_ctx66,ISO4217_EUR,2,numeric,492972.04,instant,,,2024-12-31,1,fi_MC:x513
samples/04__0159948-1__2024-12-31.xml,0159948-1,2024-12-31,fi_met:mi53,_ctx209,ISO4217_EUR,2,numeric,494386.51,instant,,,2023-12-31,2,fi_MC:x513
samples/04__0159948-1__2024-12-31.xml,0159948-1,2024-12-31,fi_met:mi53,_ctx82,ISO4217_EUR,2,numeric,34854.58,instant,,,2024-12-31,1,fi_MC:x1769
samples/04__0159948-1__2024-12-31.xml,0159948-1,2024-12-31,fi_met:mi53,_ctx225,ISO4217_EUR,2,numeric,36330.90,instant,,,2023-12-31,2,fi_MC:x1769
samples/04__0159948-1__2024-12-31.xml,0159948-1,2024-12-31,fi_met:mi53,_ctx86,ISO4217_EUR,2,numeric,17.25,instant,,,2024-12-31,1,fi_MC:x1771
samples/04__0159948-1__2024-12-31.xml,0159948-1,2024-12-31,fi_met:mi53,_ctx229,ISO4217_EUR,2,numeric,243.01,instant,,,2023-12-31,2,fi_MC:x1771
samples/04__0159948-1__2024-12-31.xml,0159948-1,2024-12-31,fi_met:mi53,_ctx87,ISO4217_EUR,2,numeric,2262.55,instant,,,2024-12-31,1,fi_MC:x1775
samples/04__0159948-1__2024-12-31.xml,0159948-1,2024-12-31,fi_met:mi53,_ctx230,ISO4217_EUR,2,numeric,4172.55,instant,,,2023-12-31,2,fi_MC:x1775
samples/04__0159948-1__2024-12-31.xml,0159948-1,2024-12-31,fi_met:mi53,_ctx88,ISO4217_EUR,2,numeric,37134.38,instant,,,2024-12-31,1,fi_MC:x1768
samples/04__0159948-1__2024-12-31.xml,0159948-1,2024-12-31,fi_met:mi53,_ctx231,ISO4217_EUR,2,numeric,40746.46,instant,,,2023-12-31,2,fi_MC:x1768
samples/04__0159948-1__2024-12-31.xml,0159948-1,2024-12-31,fi_met:mi53,_ctx89,ISO4217_EUR,2,numeric,37134.38,instant,,,2024-12-31,1,fi_MC:x438
samples/04__0159948-1__2024-12-31.xml,0159948-1,2024-12-31,fi_met:mi53,_ctx232,ISO4217_EUR,2,numeric,40746.46,instant,,,2023-12-31,2,fi_MC:x438
samples/04__0159948-1__2024-12-31.xml,0159948-1,2024-12-31,fi_met:mi53,_ctx94,ISO4217_EUR,2,numeric,121076.71,instant,,,2024-12-31,1,fi_MC:x399
samples/04__0159948-1__2024-12-31.xml,0159948-1,2024-12-31,fi_met:mi53,_ctx237,ISO4217_EUR,2,numeric,100351.17,instant,,,2023-12-31,2,fi_MC:x399
samples/04__0159948-1__2024-12-31.xml,0159948-1,2024-12-31,fi_met:mi53,_ctx95,ISO4217_EUR,2,numeric,158211.09,instant,,,2024-12-31,1,fi_MC:x435
samples/04__0159948-1__2024-12-31.xml,0159948-1,2024-12-31,fi_met:mi53,_ctx238,ISO4217_EUR,2,numeric,141097.63,instant,,,2023-12-31,2,fi_MC:x435
samples/04__0159948-1__2024-12-31.xml,0159948-1,2024-12-31,fi_met:mi53,_ctx96,ISO4217_EUR,2,numeric,651183.13,instant,,,2024-12-31,1,fi_MC:x360
samples/04__0159948-1__2024-12-31.xml,0159948-1,2024-12-31,fi_met:mi53,_ctx239,ISO4217_EUR,2,numeric,635484.14,instant,,,2023-12-31,2,fi_MC:x360
samples/04__0159948-1__2024-12-31.xml,0159948-1,2024-12-31,fi_met:mi53,_ctx97,ISO4217_EUR,2,numeric,30273.83,instant,,,2024-12-31,1,fi_MC:x4116
samples/04__0159948-1__2024-12-31.xml,0159948-1,2024-12-31,fi_met:mi53,_ctx240,ISO4217_EUR,2,numeric,30273.83,instant,,,2023-12-31,2,fi_MC:x4116
samples/04__0159948-1__2024-12-31.xml,0159948-1,2024-12-31,fi_met:mi53,_ctx106,ISO4217_EUR,2,numeric,480078.74,instant,,,2024-12-31,1,fi_MC:x932
samples/04__0159948-1__2024-12-31.xml,0159948-1,2024-12-31,fi_met:mi53,_ctx249,ISO4217_EUR,2,numeric,486079.22,instant,,,2023-12-31,2,fi_MC:x932
samples/04__0159948-1__2024-12-31.xml,0159948-1,2024-12-31,fi_met:mi53,_ctx107,ISO4217_EUR,2,numeric,54954.60,instant,,,2024-12-31,1,fi_MC:x2895
samples/04__0159948-1__2024-12-31.xml,0159948-1,2024-12-31,fi_met:mi53,_ctx250,ISO4217_EUR,2,numeric,38999.52,instant,,,2023-12-31,2,fi_MC:x2895
samples/04__0159948-1__2024-12-31.xml,0159948-1,2024-12-31,fi_met:mi53,_ctx109,ISO4217_EUR,2,numeric,565307.17,instant,,,2024-12-31,1,fi_MC:x376
samples/04__0159948-1__2024-12-31.xml,0159948-1,2024-12-31,fi_met:mi53,_ctx252,ISO4217_EUR,2,numeric,555352.57,instant,,,2023-12-31,2,fi_MC:x376
samples/04__0159948-1__2024-12-31.xml,0159948-1,2024-12-31,fi_met:mi53,_ctx138,ISO4217_EUR,2,numeric,7129.22,instant,,,2024-12-31,1,fi_MC:x1819
samples/04__0159948-1__2024-12-31.xml,0159948-1,2024-12-31,fi_met:mi53,_ctx281,ISO4217_EUR,2,numeric,10772.06,instant,,,2023-12-31,2,fi_MC:x1819
samples/04__0159948-1__2024-12-31.xml,0159948-1,2024-12-31,fi_met:mi53,_ctx140,ISO4217_EUR,2,numeric,36627.43,instant,,,2024-12-31,1,fi_MC:x1825
samples/04__0159948-1__2024-12-31.xml,0159948-1,2024-12-31,fi_met:mi53,_ctx283,ISO4217_EUR,2,numeric,35621.81,instant,,,2023-12-31,2,fi_MC:x1825
samples/04__0159948-1__2024-12-31.xml,0159948-1,2024-12-31,fi_met:mi53,_ctx141,ISO4217_EUR,2,numeric,42119.31,instant,,,2024-12-31,1,fi_MC:x1826
samples/04__0159948-1__2024-12-31.xml,0159948-1,2024-12-31,fi_met:mi53,_ctx284,ISO4217_EUR,2,numeric,33737.70,instant,,,2023-12-31,2,fi_MC:x1826
samples/04__0159948-1__2024-12-31.xml,0159948-1,2024-12-31,fi_met:mi53,_ctx142,ISO4217_EUR,2,numeric,85875.96,instant,,,2024-12-31,1,fi_MC:x1811
samples/04__0159948-1__2024-12-31.xml,0159948-1,2024-12-31,fi_met:mi53,_ctx285,ISO4217_EUR,2,numeric,80131.57,instant,,,2023-12-31,2,fi_MC:x1811
samples/04__0159948-1__2024-12-31.xml,0159948-1,2024-12-31,fi_met:mi53,_ctx143,ISO4217_EUR,2,numeric,85875.96,instant,,,2024-12-31,1,fi_MC:x424
samples/04__0159948-1__2024-12-31.xml,0159948-1,2024-12-31,fi_met:mi53,_ctx286,ISO4217_EUR,2,numeric,80131.57,instant,,,2023-12-31,2,fi_MC:x424
samples/04__0159948-1__2024-12-31.xml,0159948-1,2024-12-31,fi_met:mi53,_ctx144,ISO4217_EUR,2,numeric,651183.13,instant,,,2024-12-31,1,fi_MC:x481
samples/04__0159948-1__2024-12-31.xml,0159948-1,2024-12-31,fi_met:mi53,_ctx287,ISO4217_EUR,2,numeric,635484.14,instant,,,2023-12-31,2,fi_MC:x481
samples/04__0159948-1__2024-12-31.xml,0159948-1,2024-12-31,fi_met:md103,_ctx2,ISO4217_EUR,2,numeric,470586.19,instant,,,2024-12-31,1,fi_MC:x673
samples/04__0159948-1__2024-12-31.xml,0159948-1,2024-12-31,fi_met:md103,_ctx145,ISO4217_EUR,2,numeric,471828.73,instant,,,2023-12-31,2,fi_MC:x673
samples/04__0159948-1__2024-12-31.xml,0159948-1,2024-12-31,fi_met:md103,_ctx7,ISO4217_EUR,2,numeric,-45919.62,instant,,,2024-12-31,1,fi_MC:x755
samples/04__0159948-1__2024-12-31.xml,0159948-1,2024-12-31,fi_met:md103,_ctx150,ISO4217_EUR,2,numeric,-40387.45,instant,,,2023-12-31,2,fi_MC:x755
samples/04__0159948-1__2024-12-31.xml,0159948-1,2024-12-31,fi_met:md103,_ctx9,ISO4217_EUR,2,numeric,0.00,instant,,,2024-12-31,1,fi_MC:x10
samples/04__0159948-1__2024-12-31.xml,0159948-1,2024-12-31,fi_met:md103,_ctx152,ISO4217_EUR,2,numeric,-4783.50,instant,,,2023-12-31,2,fi_MC:x10
samples/04__0159948-1__2024-12-31.xml,0159948-1,2024-12-31,fi_met:md103,_ctx10,ISO4217_EUR,2,numeric,-45919.62,instant,,,2024-12-31,1,fi_MC:x758
samples/04__0159948-1__2024-12-31.xml,0159948-1,2024-12-31,fi_met:md103,_ctx153,ISO4217_EUR,2,numeric,-45170.95,instant,,,2023-12-31,2,fi_MC:x758
samples/04__0159948-1__2024-12-31.xml,0159948-1,2024-12-31,fi_met:md103,_ctx11,ISO4217_EUR,2,numeric,-245734.18,instant,,,2024-12-31,1,fi_MC:x6
samples/04__0159948-1__2024-12-31.xml,0159948-1,2024-12-31,fi_met:md103,_ctx154,ISO4217_EUR,2,numeric,-259087.97,instant,,,2023-12-31,2,fi_MC:x6
samples/04__0159948-1__2024-12-31.xml,0159948-1,2024-12-31,fi_met:md103,_ctx13,ISO4217_EUR,2,numeric,-56709.19,instant,,,2024-12-31,1,fi_MC:x8
samples/04__0159948-1__2024-12-31.xml,0159948-1,2024-12-31,fi_met:md103,_ctx156,ISO4217_EUR,2,numeric,-64078.21,instant,,,2023-12-31,2,fi_MC:x8
samples/04__0159948-1__2024-12-31.xml,0159948-1,2024-12-31,fi_met:md103,_ctx14,ISO4217_EUR,2,numeric,-4583.87,instant,,,2024-12-31,1,fi_MC:x9
samples/04__0159948-1__2024-12-31.xml,0159948-1,2024-12-31,fi_met:md103,_ctx157,ISO4217_EUR,2,numeric,-7826.57,instant,,,2023-12-31,2,fi_MC:x9
samples/04__0159948-1__2024-12-31.xml,0159948-1,2024-12-31,fi_met:md103,_ctx15,ISO4217_EUR,2,numeric,-307027.24,instant,,,2024-12-31,1,fi_MC:x5
samples/04__0159948-1__2024-12-31.xml,0159948-1,2024-12-31,fi_met:md103,_ctx158,ISO4217_EUR,2,numeric,-330992.75,instant,,,2023-12-31,2,fi_MC:x5
samples/04__0159948-1__2024-12-31.xml,0159948-1,2024-12-31,fi_met:md103,_ctx16,ISO4217_EUR,2,numeric,-214.47,instant,,,2024-12-31,1,fi_MC:x449
samples/04__0159948-1__2024-12-31.xml,0159948-1,2024-12-31,fi_met:md103,_ctx159,ISO4217_EUR,2,numeric,-285.96,instant,,,2023-12-31,2,fi_MC:x449
samples/04__0159948-1__2024-12-31.xml,0159948-1,2024-12-31,fi_met:md103,_ctx19,ISO4217_EUR,2,numeric,-214.47,instant,,,2024-12-31,1,fi_MC:x448
samples/04__0159948-1__2024-12-31.xml,0159948-1,2024-12-31,fi_met:md103,_ctx162,ISO4217_EUR,2,numeric,-285.96,instant,,,2023-12-31,2,fi_MC:x448
samples/04__0159948-1__2024-12-31.xml,0159948-1,2024-12-31,fi_met:md103,_ctx20,ISO4217_EUR,2,numeric,-62804.95,instant,,,2024-12-31,1,fi_MC:x1869
samples/04__0159948-1__2024-12-31.xml,0159948-1,2024-12-31,fi_met:md103,_ctx163,ISO4217_EUR,2,numeric,-59503.10,instant,,,2023-12-31,2,fi_MC:x1869
samples/04__0159948-1__2024-12-31.xml,0159948-1,2024-12-31,fi_met:md103,_ctx21,ISO4217_EUR,2,numeric,54619.91,instant,,,2024-12-31,1,fi_MC:x689
samples/04__0159948-1__2024-12-31.xml,0159948-1,2024-12-31,fi_met:md103,_ctx164,ISO4217_EUR,2,numeric,35875.97,instant,,,2023-12-31,2,fi_MC:x689
samples/04__0159948-1__2024-12-31.xml,0159948-1,2024-12-31,fi_met:md103,_ctx26,ISO4217_EUR,2,numeric,11277.00,instant,,,2024-12-31,1,fi_MC:x4133
samples/04__0159948-1__2024-12-31.xml,0159948-1,2024-12-31,fi_met:md103,_ctx169,ISO4217_EUR,2,numeric,11077.70,instant,,,2023-12-31,2,fi_MC:x4133
samples/04__0159948-1__2024-12-31.xml,0159948-1,2024-12-31,fi_met:md103,_ctx29,ISO4217_EUR,2,numeric,2876.67,instant,,,2024-12-31,1,fi_MC:x4014
samples/04__0159948-1__2024-12-31.xml,0159948-1,2024-12-31,fi_met:md103,_ctx172,ISO4217_EUR,2,numeric,1873.67,instant,,,2023-12-31,2,fi_MC:x4014
samples/04__0159948-1__2024-12-31.xml,0159948-1,2024-12-31,fi_met:md103,_ctx35,ISO4217_EUR,2,numeric,14153.67,instant,,,2024-12-31,1,fi_MC:x12
samples/04__0159948-1__2024-12-31.xml,0159948-1,2024-12-31,fi_met:md103,_ctx178,ISO4217_EUR,2,numeric,12951.37,instant,,,2023-12-31,2,fi_MC:x12
samples/04__0159948-1__2024-12-31.xml,0159948-1,2024-12-31,fi_met:md103,_ctx36,ISO4217_EUR,2,numeric,68773.58,instant,,,2024-12-31,1,fi_MC:x738
samples/04__0159948-1__2024-12-31.xml,0159948-1,2024-12-31,fi_met:md103,_ctx179,ISO4217_EUR,2,numeric,48827.34,instant,,,2023-12-31,2,fi_MC:x738
samples/04__0159948-1__2024-12-31.xml,0159948-1,2024-12-31,fi_met:md103,_ctx41,ISO4217_EUR,2,numeric,-13818.98,instant,,,2024-12-31,1,fi_MC:x541
samples/04__0159948-1__2024-12-31.xml,0159948-1,2024-12-31,fi_met:md103,_ctx184,ISO4217_EUR,2,numeric,-9827.82,instant,,,2023-12-31,2,fi_MC:x541
samples/04__0159948-1__2024-12-31.xml,0159948-1,2024-12-31,fi_met:md103,_ctx42,ISO4217_EUR,2,numeric,54954.60,instant,,,2024-12-31,1,fi_MC:x740
samples/04__0159948-1__2024-12-31.xml,0159948-1,2024-12-31,fi_met:md103,_ctx185,ISO4217_EUR,2,numeric,38999.52,instant,,,2023-12-31,2,fi_MC:x740
samples/05__0163207-7__2024-12-31.xml,0163207-7,2024-12-31,fi_met:si168,_ctx1,,,text,Tähkäpää Oy,instant,,,2024-12-31,0,
samples/05__0163207-7__2024-12-31.xml,0163207-7,2024-12-31,fi_met:di120,_ctx1,,,text,2024-01-01,instant,,,2024-12-31,0,
samples/05__0163207-7__2024-12-31.xml,0163207-7,2024-12-31,fi_met:di121,_ctx1,,,text,2024-12-31,instant,,,2024-12-31,0,
samples/05__0163207-7__2024-12-31.xml,0163207-7,2024-12-31,fi_met:si289,_ctx1,,,text,0163207-7,instant,,,2024-12-31,0,
samples/05__0163207-7__2024-12-31.xml,0163207-7,2024-12-31,fi_met:mi53,_ctx64,ISO4217_EUR,2,numeric,410829.70,instant,,,2024-12-31,1,fi_MC:x1742
samples/05__0163207-7__2024-12-31.xml,0163207-7,2024-12-31,fi_met:mi53,_ctx207,ISO4217_EUR,2,numeric,410829.70,instant,,,2023-12-31,2,fi_MC:x1742
samples/05__0163207-7__2024-12-31.xml,0163207-7,2024-12-31,fi_met:mi53,_ctx65,ISO4217_EUR,2,numeric,410829.70,instant,,,2024-12-31,1,fi_MC:x583
samples/05__0163207-7__2024-12-31.xml,0163207-7,2024-12-31,fi_met:mi53,_ctx208,ISO4217_EUR,2,numeric,410829.70,instant,,,2023-12-31,2,fi_MC:x583
samples/05__0163207-7__2024-12-31.xml,0163207-7,2024-12-31,fi_met:mi53,_ctx66,ISO4217_EUR,2,numeric,410829.70,instant,,,2024-12-31,1,fi_MC:x513
samples/05__0163207-7__2024-12-31.xml,0163207-7,2024-12-31,fi_met:mi53,_ctx209,ISO4217_EUR,2,numeric,410829.70,instant,,,2023-12-31,2,fi_MC:x513
samples/05__0163207-7__2024-12-31.xml,0163207-7,2024-12-31,fi_met:mi53,_ctx86,ISO4217_EUR,2,numeric,9591.26,instant,,,2024-12-31,1,fi_MC:x1771
samples/05__0163207-7__2024-12-31.xml,0163207-7,2024-12-31,fi_met:mi53,_ctx229,ISO4217_EUR,2,numeric,8223.28,instant,,,2023-12-31,2,fi_MC:x1771
samples/05__0163207-7__2024-12-31.xml,0163207-7,2024-12-31,fi_met:mi53,_ctx88,ISO4217_EUR,2,numeric,9591.26,instant,,,2024-12-31,1,fi_MC:x1768
samples/05__0163207-7__2024-12-31.xml,0163207-7,2024-12-31,fi_met:mi53,_ctx231,ISO4217_EUR,2,numeric,8223.28,instant,,,2023-12-31,2,fi_MC:x1768
samples/05__0163207-7__2024-12-31.xml,0163207-7,2024-12-31,fi_met:mi53,_ctx89,ISO4217_EUR,2,numeric,9591.26,instant,,,2024-12-31,1,fi_MC:x438
samples/05__0163207-7__2024-12-31.xml,0163207-7,2024-12-31,fi_met:mi53,_ctx232,ISO4217_EUR,2,numeric,8223.28,instant,,,2023-12-31,2,fi_MC:x438
samples/05__0163207-7__2024-12-31.xml,0163207-7,2024-12-31,fi_met:mi53,_ctx94,ISO4217_EUR,2,numeric,10307.74,instant,,,2024-12-31,1,fi_MC:x399
samples/05__0163207-7__2024-12-31.xml,0163207-7,2024-12-31,fi_met:mi53,_ctx237,ISO4217_EUR,2,numeric,13882.54,instant,,,2023-12-31,2,fi_MC:x399
samples/05__0163207-7__2024-12-31.xml,0163207-7,2024-12-31,fi_met:mi53,_ctx95,ISO4217_EUR,2,numeric,19899.00,instant,,,2024-12-31,1,fi_MC:x435
samples/05__0163207-7__2024-12-31.xml,0163207-7,2024-12-31,fi_met:mi53,_ctx238,ISO4217_EUR,2,numeric,22105.82,instant,,,2023-12-31,2,fi_MC:x435
samples/05__0163207-7__2024-12-31.xml,0163207-7,2024-12-31,fi_met:mi53,_ctx96,ISO4217_EUR,2,numeric,430728.70,instant,,,2024-12-31,1,fi_MC:x360
samples/05__0163207-7__2024-12-31.xml,0163207-7,2024-12-31,fi_met:mi53,_ctx239,ISO4217_EUR,2,numeric,432935.52,instant,,,2023-12-31,2,fi_MC:x360
samples/05__0163207-7__2024-12-31.xml,0163207-7,2024-12-31,fi_met:mi53,_ctx97,ISO4217_EUR,2,numeric,10091.28,instant,,,2024-12-31,1,fi_MC:x4116
samples/05__0163207-7__2024-12-31.xml,0163207-7,2024-12-31,fi_met:mi53,_ctx240,ISO4217_EUR,2,numeric,10091.28,instant,,,2023-12-31,2,fi_MC:x4116
samples/05__0163207-7__2024-12-31.xml,0163207-7,2024-12-31,fi_met:mi53,_ctx106,ISO4217_EUR,2,numeric,103148.04,instant,,,2024-12-31,1,fi_MC:x932
samples/05__0163207-7__2024-12-31.xml,0163207-7,2024-12-31,fi_met:mi53,_ctx249,ISO4217_EUR,2,numeric,118620.68,instant,,,2023-12-31,2,fi_MC:x932
samples/05__0163207-7__2024-12-31.xml,0163207-7,2024-12-31,fi_met:mi53,_ctx107,ISO4217_EUR,2,numeric,100129.34,instant,,,2024-12-31,1,fi_MC:x2895
samples/05__0163207-7__2024-12-31.xml,0163207-7,2024-12-31,fi_met:mi53,_ctx250,ISO4217_EUR,2,numeric,140645.56,instant,,,2023-12-31,2,fi_MC:x2895
samples/05__0163207-7__2024-12-31.xml,0163207-7,2024-12-31,fi_met:mi53,_ctx109,ISO4217_EUR,2,numeric,213368.66,instant,,,2024-12-31,1,fi_MC:x376
samples/05__0163207-7__2024-12-31.xml,0163207-7,2024-12-31,fi_met:mi53,_ctx252,ISO4217_EUR,2,numeric,269357.52,instant,,,2023-12-31,2,fi_MC:x376
samples/05__0163207-7__2024-12-31.xml,0163207-7,2024-12-31,fi_met:mi53,_ctx140,ISO4217_EUR,2,numeric,217360.04,instant,,,2024-12-31,1,fi_MC:x1825
samples/05__0163207-7__2024-12-31.xml,0163207-7,2024-12-31,fi_met:mi53,_ctx283,ISO4217_EUR,2,numeric,163578.00,instant,,,2023-12-31,2,fi_MC:x1825
samples/05__0163207-7__2024-12-31.xml,0163207-7,2024-12-31,fi_met:mi53,_ctx142,ISO4217_EUR,2,numeric,217360.04,instant,,,2024-12-31,1,fi_MC:x1811
samples/05__0163207-7__2024-12-31.xml,0163207-7,2024-12-31,fi_met:mi53,_ctx285,ISO4217_EUR,2,numeric,163578.00,instant,,,2023-12-31,2,fi_MC:x1811
samples/05__0163207-7__2024-12-31.xml,0163207-7,2024-12-31,fi_met:mi53,_ctx143,ISO4217_EUR,2,numeric,217360.04,instant,,,2024-12-31,1,fi_MC:x424
samples/05__0163207-7__2024-12-31.xml,0163207-7,2024-12-31,fi_met:mi53,_ctx286,ISO4217_EUR,2,numeric,163578.00,instant,,,2023-12-31,2,fi_MC:x424
samples/05__0163207-7__2024-12-31.xml,0163207-7,2024-12-31,fi_met:mi53,_ctx144,ISO4217_EUR,2,numeric,430728.70,instant,,,2024-12-31,1,fi_MC:x481
samples/05__0163207-7__2024-12-31.xml,0163207-7,2024-12-31,fi_met:mi53,_ctx287,ISO4217_EUR,2,numeric,432935.52,instant,,,2023-12-31,2,fi_MC:x481
samples/05__0163207-7__2024-12-31.xml,0163207-7,2024-12-31,fi_met:md103,_ctx14,ISO4217_EUR,2,numeric,-932.73,instant,,,2024-12-31,1,fi_MC:x9
samples/05__0163207-7__2024-12-31.xml,0163207-7,2024-12-31,fi_met:md103,_ctx157,ISO4217_EUR,2,numeric,-1049.72,instant,,,2023-12-31,2,fi_MC:x9
samples/05__0163207-7__2024-12-31.xml,0163207-7,2024-12-31,fi_met:md103,_ctx15,ISO4217_EUR,2,numeric,-932.73,instant,,,2024-12-31,1,fi_MC:x5
samples/05__0163207-7__2024-12-31.xml,0163207-7,2024-12-31,fi_met:md103,_ctx158,ISO4217_EUR,2,numeric,-1049.72,instant,,,2023-12-31,2,fi_MC:x5
samples/05__0163207-7__2024-12-31.xml,0163207-7,2024-12-31,fi_met:md103,_ctx20,ISO4217_EUR,2,numeric,-2230.87,instant,,,2024-12-31,1,fi_MC:x1869
samples/05__0163207-7__2024-12-31.xml,0163207-7,2024-12-31,fi_met:md103,_ctx163,ISO4217_EUR,2,numeric,-1962.34,instant,,,2023-12-31,2,fi_MC:x1869
samples/05__0163207-7__2024-12-31.xml,0163207-7,2024-12-31,fi_met:md103,_ctx21,ISO4217_EUR,2,numeric,-3163.60,instant,,,2024-12-31,1,fi_MC:x689
samples/05__0163207-7__2024-12-31.xml,0163207-7,2024-12-31,fi_met:md103,_ctx164,ISO4217_EUR,2,numeric,-3012.06,instant,,,2023-12-31,2,fi_MC:x689
samples/05__0163207-7__2024-12-31.xml,0163207-7,2024-12-31,fi_met:md103,_ctx26,ISO4217_EUR,2,numeric,127850.80,instant,,,2024-12-31,1,fi_MC:x4133
samples/05__0163207-7__2024-12-31.xml,0163207-7,2024-12-31,fi_met:md103,_ctx169,ISO4217_EUR,2,numeric,179323.20,instant,,,2023-12-31,2,fi_MC:x4133
samples/05__0163207-7__2024-12-31.xml,0163207-7,2024-12-31,fi_met:md103,_ctx29,ISO4217_EUR,2,numeric,449.99,instant,,,2024-12-31,1,fi_MC:x4014
samples/05__0163207-7__2024-12-31.xml,0163207-7,2024-12-31,fi_met:md103,_ctx172,ISO4217_EUR,2,numeric,215.83,instant,,,2023-12-31,2,fi_MC:x4014
samples/05__0163207-7__2024-12-31.xml,0163207-7,2024-12-31,fi_met:md103,_ctx34,ISO4217_EUR,2,numeric,0.00,instant,,,2024-12-31,1,fi_MC:x4046
samples/05__0163207-7__2024-12-31.xml,0163207-7,2024-12-31,fi_met:md103,_ctx177,ISO4217_EUR,2,numeric,-720.02,instant,,,2023-12-31,2,fi_MC:x4046
samples/05__0163207-7__2024-12-31.xml,0163207-7,2024-12-31,fi_met:md103,_ctx35,ISO4217_EUR,2,numeric,128300.79,instant,,,2024-12-31,1,fi_MC:x12
samples/05__0163207-7__2024-12-31.xml,0163207-7,2024-12-31,fi_met:md103,_ctx178,ISO4217_EUR,2,numeric,178819.01,instant,,,2023-12-31,2,fi_MC:x12
samples/05__0163207-7__2024-12-31.xml,0163207-7,2024-12-31,fi_met:md103,_ctx36,ISO4217_EUR,2,numeric,125137.19,instant,,,2024-12-31,1,fi_MC:x738
samples/05__0163207-7__2024-12-31.xml,0163207-7,2024-12-31,fi_met:md103,_ctx179,ISO4217_EUR,2,numeric,175806.95,instant,,,2023-12-31,2,fi_MC:x738
samples/05__0163207-7__2024-12-31.xml,0163207-7,2024-12-31,fi_met:md103,_ctx41,ISO4217_EUR,2,numeric,-25007.85,instant,,,2024-12-31,1,fi_MC:x541
samples/05__0163207-7__2024-12-31.xml,0163207-7,2024-12-31,fi_met:md103,_ctx184,ISO4217_EUR,2,numeric,-35161.39,instant,,,2023-12-31,2,fi_MC:x541
samples/05__0163207-7__2024-12-31.xml,0163207-7,2024-12-31,fi_met:md103,_ctx42,ISO4217_EUR,2,numeric,100129.34,instant,,,2024-12-31,1,fi_MC:x740
samples/05__0163207-7__2024-12-31.xml,0163207-7,2024-12-31,fi_met:md103,_ctx185,ISO4217_EUR,2,numeric,140645.56,instant,,,2023-12-31,2,fi_MC:x740
samples/06__0176460-0__2023-09-30.xml,0176460-0,2023-09-30,fi_met:si168,_ctx1,,,text,Vihta-Auto ja Kone Oy,instant,,,2023-09-30,0,
samples/06__0176460-0__2023-09-30.xml,0176460-0,2023-09-30,fi_met:di120,_ctx1,,,text,2022-10-01,instant,,,2023-09-30,0,
samples/06__0176460-0__2023-09-30.xml,0176460-0,2023-09-30,fi_met:di121,_ctx1,,,text,2023-09-30,instant,,,2023-09-30,0,
samples/06__0176460-0__2023-09-30.xml,0176460-0,2023-09-30,fi_met:si289,_ctx1,,,text,0176460-0,instant,,,2023-09-30,0,
samples/06__0176460-0__2023-09-30.xml,0176460-0,2023-09-30,fi_met:mi53,_ctx50,ISO4217_EUR,2,numeric,342104.20,instant,,,2023-09-30,1,fi_MC:x2308
samples/06__0176460-0__2023-09-30.xml,0176460-0,2023-09-30,fi_met:mi53,_ctx193,ISO4217_EUR,2,numeric,342104.20,instant,,,2022-09-30,2,fi_MC:x2308
samples/06__0176460-0__2023-09-30.xml,0176460-0,2023-09-30,fi_met:mi53,_ctx53,ISO4217_EUR,2,numeric,493799.75,instant,,,2023-09-30,1,fi_MC:x2334
samples/06__0176460-0__2023-09-30.xml,0176460-0,2023-09-30,fi_met:mi53,_ctx196,ISO4217_EUR,2,numeric,508089.14,instant,,,2022-09-30,2,fi_MC:x2334
samples/06__0176460-0__2023-09-30.xml,0176460-0,2023-09-30,fi_met:mi53,_ctx58,ISO4217_EUR,2,numeric,835903.95,instant,,,2023-09-30,1,fi_MC:x816
samples/06__0176460-0__2023-09-30.xml,0176460-0,2023-09-30,fi_met:mi53,_ctx201,ISO4217_EUR,2,numeric,850193.34,instant,,,2022-09-30,2,fi_MC:x816
samples/06__0176460-0__2023-09-30.xml,0176460-0,2023-09-30,fi_met:mi53,_ctx64,ISO4217_EUR,2,numeric,1009.13,instant,,,2023-09-30,1,fi_MC:x1742
samples/06__0176460-0__2023-09-30.xml,0176460-0,2023-09-30,fi_met:mi53,_ctx207,ISO4217_EUR,2,numeric,1009.13,instant,,,2022-09-30,2,fi_MC:x1742
samples/06__0176460-0__2023-09-30.xml,0176460-0,2023-09-30,fi_met:mi53,_ctx65,ISO4217_EUR,2,numeric,1009.13,instant,,,2023-09-30,1,fi_MC:x583
samples/06__0176460-0__2023-09-30.xml,0176460-0,2023-09-30,fi_met:mi53,_ctx208,ISO4217_EUR,2,numeric,1009.13,instant,,,2022-09-30,2,fi_MC:x583
samples/06__0176460-0__2023-09-30.xml,0176460-0,2023-09-30,fi_met:mi53,_ctx66,ISO4217_EUR,2,numeric,836913.08,instant,,,2023-09-30,1,fi_MC:x513
samples/06__0176460-0__2023-09-30.xml,0176460-0,2023-09-30,fi_met:mi53,_ctx209,ISO4217_EUR,2,numeric,851202.47,instant,,,2022-09-30,2,fi_MC:x513
samples/06__0176460-0__2023-09-30.xml,0176460-0,2023-09-30,fi_met:mi53,_ctx82,ISO4217_EUR,2,numeric,7671.14,instant,,,2023-09-30,1,fi_MC:x1769
samples/06__0176460-0__2023-09-30.xml,0176460-0,2023-09-30,fi_met:mi53,_ctx225,ISO4217_EUR,2,numeric,0.00,instant,,,2022-09-30,2,fi_MC:x1769
samples/06__0176460-0__2023-09-30.xml,0176460-0,2023-09-30,fi_met:mi53,_ctx88,ISO4217_EUR,2,numeric,7671.14,instant,,,2023-09-30,1,fi_MC:x1768
samples/06__0176460-0__2023-09-30.xml,0176460-0,2023-09-30,fi_met:mi53,_ctx231,ISO4217_EUR,2,numeric,0.00,instant,,,2022-09-30,2,fi_MC:x1768
samples/06__0176460-0__2023-09-30.xml,0176460-0,2023-09-30,fi_met:mi53,_ctx89,ISO4217_EUR,2,numeric,7671.14,instant,,,2023-09-30,1,fi_MC:x438
samples/06__0176460-0__2023-09-30.xml,0176460-0,2023-09-30,fi_met:mi53,_ctx232,ISO4217_EUR,2,numeric,0.00,instant,,,2022-09-30,2,fi_MC:x438
samples/06__0176460-0__2023-09-30.xml,0176460-0,2023-09-30,fi_met:mi53,_ctx94,ISO4217_EUR,2,numeric,540.42,instant,,,2023-09-30,1,fi_MC:x399
samples/06__0176460-0__2023-09-30.xml,0176460-0,2023-09-30,fi_met:mi53,_ctx237,ISO4217_EUR,2,numeric,10301.73,instant,,,2022-09-30,2,fi_MC:x399
samples/06__0176460-0__2023-09-30.xml,0176460-0,2023-09-30,fi_met:mi53,_ctx95,ISO4217_EUR,2,numeric,8211.56,instant,,,2023-09-30,1,fi_MC:x435
samples/06__0176460-0__2023-09-30.xml,0176460-0,2023-09-30,fi_met:mi53,_ctx238,ISO4217_EUR,2,numeric,10301.73,instant,,,2022-09-30,2,fi_MC:x435
samples/06__0176460-0__2023-09-30.xml,0176460-0,2023-09-30,fi_met:mi53,_ctx96,ISO4217_EUR,2,numeric,845124.64,instant,,,2023-09-30,1,fi_MC:x360
samples/06__0176460-0__2023-09-30.xml,0176460-0,2023-09-30,fi_met:mi53,_ctx239,ISO4217_EUR,2,numeric,861504.20,instant,,,2022-09-30,2,fi_MC:x360
samples/06__0176460-0__2023-09-30.xml,0176460-0,2023-09-30,fi_met:mi53,_ctx97,ISO4217_EUR,2,numeric,117731.55,instant,,,2023-09-30,1,fi_MC:x4116
samples/06__0176460-0__2023-09-30.xml,0176460-0,2023-09-30,fi_met:mi53,_ctx240,ISO4217_EUR,2,numeric,117731.55,instant,,,2022-09-30,2,fi_MC:x4116
samples/06__0176460-0__2023-09-30.xml,0176460-0,2023-09-30,fi_met:mi53,_ctx99,ISO4217_EUR,2,numeric,336375.85,instant,,,2023-09-30,1,fi_MC:x933
samples/06__0176460-0__2023-09-30.xml,0176460-0,2023-09-30,fi_met:mi53,_ctx242,ISO4217_EUR,2,numeric,336375.85,instant,,,2022-09-30,2,fi_MC:x933
samples/06__0176460-0__2023-09-30.xml,0176460-0,2023-09-30,fi_met:mi53,_ctx106,ISO4217_EUR,2,numeric,-927354.03,instant,,,2023-09-30,1,fi_MC:x932
samples/06__0176460-0__2023-09-30.xml,0176460-0,2023-09-30,fi_met:mi53,_ctx249,ISO4217_EUR,2,numeric,-626550.28,instant,,,2022-09-30,2,fi_MC:x932
samples/06__0176460-0__2023-09-30.xml,0176460-0,2023-09-30,fi_met:mi53,_ctx107,ISO4217_EUR,2,numeric,-27303.07,instant,,,2023-09-30,1,fi_MC:x2895
samples/06__0176460-0__2023-09-30.xml,0176460-0,2023-09-30,fi_met:mi53,_ctx250,ISO4217_EUR,2,numeric,-300803.75,instant,,,2022-09-30,2,fi_MC:x2895
samples/06__0176460-0__2023-09-30.xml,0176460-0,2023-09-30,fi_met:mi53,_ctx109,ISO4217_EUR,2,numeric,-500549.70,instant,,,2023-09-30,1,fi_MC:x376
samples/06__0176460-0__2023-09-30.xml,0176460-0,2023-09-30,fi_met:mi53,_ctx252,ISO4217_EUR,2,numeric,-473246.63,instant,,,2022-09-30,2,fi_MC:x376
samples/06__0176460-0__2023-09-30.xml,0176460-0,2023-09-30,fi_met:mi53,_ctx116,ISO4217_EUR,2,numeric,134093.96,instant,,,2023-09-30,1,fi_MC:x2920
samples/06__0176460-0__2023-09-30.xml,0176460-0,2023-09-30,fi_met:mi53,_ctx259,ISO4217_EUR,2,numeric,134093.96,instant,,,2022-09-30,2,fi_MC:x2920
samples/06__0176460-0__2023-09-30.xml,0176460-0,2023-09-30,fi_met:mi53,_ctx119,ISO4217_EUR,2,numeric,484900.00,instant,,,2023-09-30,1,fi_MC:x2934
samples/06__0176460-0__2023-09-30.xml,0176460-0,2023-09-30,fi_met:mi53,_ctx262,ISO4217_EUR,2,numeric,499900.00,instant,,,2022-09-30,2,fi_MC:x2934
samples/06__0176460-0__2023-09-30.xml,0176460-0,2023-09-30,fi_met:mi53,_ctx127,ISO4217_EUR,2,numeric,12000.00,instant,,,2023-09-30,1,fi_MC:x2233
samples/06__0176460-0__2023-09-30.xml,0176460-0,2023-09-30,fi_met:mi53,_ctx270,ISO4217_EUR,2,numeric,12000.00,instant,,,2022-09-30,2,fi_MC:x2233
samples/06__0176460-0__2023-09-30.xml,0176460-0,2023-09-30,fi_met:mi53,_ctx129,ISO4217_EUR,2,numeric,630993.96,instant,,,2023-09-30,1,fi_MC:x1830
samples/06__0176460-0__2023-09-30.xml,0176460-0,2023-09-30,fi_met:mi53,_ctx272,ISO4217_EUR,2,numeric,645993.96,instant,,,2022-09-30,2,fi_MC:x1830
samples/06__0176460-0__2023-09-30.xml,0176460-0,2023-09-30,fi_met:mi53,_ctx133,ISO4217_EUR,2,numeric,39600.00,instant,,,2023-09-30,1,fi_MC:x3023
samples/06__0176460-0__2023-09-30.xml,0176460-0,2023-09-30,fi_met:mi53,_ctx276,ISO4217_EUR,2,numeric,39600.00,instant,,,2022-09-30,2,fi_MC:x3023
samples/06__0176460-0__2023-09-30.xml,0176460-0,2023-09-30,fi_met:mi53,_ctx138,ISO4217_EUR,2,numeric,4942.78,instant,,,2023-09-30,1,fi_MC:x1819
samples/06__0176460-0__2023-09-30.xml,0176460-0,2023-09-30,fi_met:mi53,_ctx281,ISO4217_EUR,2,numeric,3762.78,instant,,,2022-09-30,2,fi_MC:x1819
samples/06__0176460-0__2023-09-30.xml,0176460-0,2023-09-30,fi_met:mi53,_ctx140,ISO4217_EUR,2,numeric,653518.29,instant,,,2023-09-30,1,fi_MC:x1825
samples/06__0176460-0__2023-09-30.xml,0176460-0,2023-09-30,fi_met:mi53,_ctx283,ISO4217_EUR,2,numeric,610206.26,instant,,,2022-09-30,2,fi_MC:x1825
samples/06__0176460-0__2023-09-30.xml,0176460-0,2023-09-30,fi_met:mi53,_ctx141,ISO4217_EUR,2,numeric,16619.31,instant,,,2023-09-30,1,fi_MC:x1826
samples/06__0176460-0__2023-09-30.xml,0176460-0,2023-09-30,fi_met:mi53,_ctx284,ISO4217_EUR,2,numeric,35187.83,instant,,,2022-09-30,2,fi_MC:x1826
samples/06__0176460-0__2023-09-30.xml,0176460-0,2023-09-30,fi_met:mi53,_ctx142,ISO4217_EUR,2,numeric,714680.38,instant,,,2023-09-30,1,fi_MC:x1811
samples/06__0176460-0__2023-09-30.xml,0176460-0,2023-09-30,fi_met:mi53,_ctx285,ISO4217_EUR,2,numeric,688756.87,instant,,,2022-09-30,2,fi_MC:x1811
samples/06__0176460-0__2023-09-30.xml,0176460-0,2023-09-30,fi_met:mi53,_ctx143,ISO4217_EUR,2,numeric,1345674.34,instant,,,2023-09-30,1,fi_MC:x424
samples/06__0176460-0__2023-09-30.xml,0176460-0,2023-09-30,fi_met:mi53,_ctx286,ISO4217_EUR,2,numeric,1334750.83,instant,,,2022-09-30,2,fi_MC:x424
samples/06__0176460-0__2023-09-30.xml,0176460-0,2023-09-30,fi_met:mi53,_ctx144,ISO4217_EUR,2,numeric,845124.64,instant,,,2023-09-30,1,fi_MC:x481
samples/06__0176460-0__2023-09-30.xml,0176460-0,2023-09-30,fi_met:mi53,_ctx287,ISO4217_EUR,2,numeric,861504.20,instant,,,2022-09-30,2,fi_MC:x481
samples/06__0176460-0__2023-09-30.xml,0176460-0,2023-09-30,fi_met:md103,_ctx2,ISO4217_EUR,2,numeric,1689.12,instant,,,2023-09-30,1,fi_MC:x673
samples/06__0176460-0__2023-09-30.xml,0176460-0,2023-09-30,fi_met:md103,_ctx145,ISO4217_EUR,2,numeric,57109.41,instant,,,2022-09-30,2,fi_MC:x673
samples/06__0176460-0__2023-09-30.xml,0176460-0,2023-09-30,fi_met:md103,_ctx5,ISO4217_EUR,2,numeric,59790.76,instant,,,2023-09-30,1,fi_MC:x49
samples/06__0176460-0__2023-09-30.xml,0176460-0,2023-09-30,fi_met:md103,_ctx148,ISO4217_EUR,2,numeric,1183.71,instant,,,2022-09-30,2,fi_MC:x49
samples/06__0176460-0__2023-09-30.xml,0176460-0,2023-09-30,fi_met:md103,_ctx9,ISO4217_EUR,2,numeric,-1592.00,instant,,,2023-09-30,1,fi_MC:x10
samples/06__0176460-0__2023-09-30.xml,0176460-0,2023-09-30,fi_met:md103,_ctx152,ISO4217_EUR,2,numeric,-1744.00,instant,,,2022-09-30,2,fi_MC:x10
samples/06__0176460-0__2023-09-30.xml,0176460-0,2023-09-30,fi_met:md103,_ctx10,ISO4217_EUR,2,numeric,-1592.00,instant,,,2023-09-30,1,fi_MC:x758
samples/06__0176460-0__2023-09-30.xml,0176460-0,2023-09-30,fi_met:md103,_ctx153,ISO4217_EUR,2,numeric,-1744.00,instant,,,2022-09-30,2,fi_MC:x758
samples/06__0176460-0__2023-09-30.xml,0176460-0,2023-09-30,fi_met:md103,_ctx16,ISO4217_EUR,2,numeric,-14289.39,instant,,,2023-09-30,1,fi_MC:x449
samples/06__0176460-0__2023-09-30.xml,0176460-0,2023-09-30,fi_met:md103,_ctx159,ISO4217_EUR,2,numeric,-14361.12,instant,,,2022-09-30,2,fi_MC:x449
