line_item_code,line_item_label_fi,sample_file_count,business_count,fact_count,concepts,ref_members,example_values
fi_MC:x12,Rahoitustuotot ja -kulut + (-),10,9,20,"{""fi_met:md103"": 18, ""fi_met:mi53"": 2}","{""fi_RF:x53"": {""label_fi"": ""Edellinen tilikausi T-1"", ""count"": 9}}","[""1690.15"", ""1692.36"", ""1370.47""]"
fi_MC:x1768,Lyhytaikaiset saamiset,10,9,20,"{""fi_met:mi53"": 20}","{""fi_RF:x4"": {""label_fi"": ""Tilikauden loppussa T-1"", ""count"": 10}}","[""54274.07"", ""36646.94"", ""0.00""]"
fi_MC:x1811,Lyhytaikainen vieras pääoma,10,9,20,"{""fi_met:mi53"": 20}","{""fi_RF:x4"": {""label_fi"": ""Tilikauden loppussa T-1"", ""count"": 10}}","[""133203.68"", ""99918.51"", ""12998.48""]"
fi_MC:x1825,Lyhytaikaiset muut velat,10,9,20,"{""fi_met:mi53"": 20}","{""fi_RF:x4"": {""label_fi"": ""Tilikauden loppussa T-1"", ""count"": 10}}","[""77900.37"", ""35582.08"", ""5031.23""]"
fi_MC:x1869,Liiketoiminnan muut kulut,10,9,20,"{""fi_met:md103"": 18, ""fi_met:mi53"": 2}","{""fi_RF:x53"": {""label_fi"": ""Edellinen tilikausi T-1"", ""count"": 9}}","[""-92114.84"", ""-86794.46"", ""-24108.95""]"
fi_MC:x2895,"Tilikauden voitto (tappio), oma pääoma",10,9,20,"{""fi_met:mi53"": 20}","{""fi_RF:x4"": {""label_fi"": ""Tilikauden loppussa T-1"", ""count"": 10}}","[""56980.82"", ""111750.78"", ""-6738.48""]"
fi_MC:x360,Vastaavaa,10,9,20,"{""fi_met:mi53"": 20}","{""fi_RF:x4"": {""label_fi"": ""Tilikauden loppussa T-1"", ""count"": 10}}","[""584171.98"", ""605656.09"", ""311091.32""]"
fi_MC:x376,Oma pääoma,10,9,20,"{""fi_met:mi53"": 20}","{""fi_RF:x4"": {""label_fi"": ""Tilikauden loppussa T-1"", ""count"": 10}}","[""450968.30"", ""505737.58"", ""213969.04""]"
fi_MC:x399,Rahat ja pankkisaamiset,10,9,20,"{""fi_met:mi53"": 20}","{""fi_RF:x4"": {""label_fi"": ""Tilikauden loppussa T-1"", ""count"": 10}}","[""95427.06"", ""131499.99"", ""269.14""]"
fi_MC:x4116,"Osake-, osuus- tai muu vastaava pääoma",10,9,20,"{""fi_met:mi53"": 20}","{""fi_RF:x4"": {""label_fi"": ""Tilikauden loppussa T-1"", ""count"": 10}}","[""11773.15"", ""11773.15"", ""2522.82""]"
fi_MC:x424,Vieras pääoma,10,9,20,"{""fi_met:mi53"": 20}","{""fi_RF:x4"": {""label_fi"": ""Tilikauden loppussa T-1"", ""count"": 10}}","[""133203.68"", ""99918.51"", ""97122.28""]"
fi_MC:x435,Vaihtuvat vastaavat,10,9,20,"{""fi_met:mi53"": 20}","{""fi_RF:x4"": {""label_fi"": ""Tilikauden loppussa T-1"", ""count"": 10}}","[""487748.16"", ""509232.27"", ""36474.97""]"
fi_MC:x438,Saamiset,10,9,20,"{""fi_met:mi53"": 20}","{""fi_RF:x4"": {""label_fi"": ""Tilikauden loppussa T-1"", ""count"": 10}}","[""54274.07"", ""36646.94"", ""36205.83""]"
fi_MC:x481,Vastattavaa,10,9,20,"{""fi_met:mi53"": 20}","{""fi_RF:x4"": {""label_fi"": ""Tilikauden loppussa T-1"", ""count"": 10}}","[""584171.98"", ""605656.09"", ""311091.32""]"
fi_MC:x513,Pysyvät vastaavat,10,9,20,"{""fi_met:mi53"": 20}","{""fi_RF:x4"": {""label_fi"": ""Tilikauden loppussa T-1"", ""count"": 10}}","[""96423.82"", ""96423.82"", ""274616.35""]"
fi_MC:x689,Liikevoitto (-tappio),10,9,20,"{""fi_met:md103"": 18, ""fi_met:mi53"": 2}","{""fi_RF:x53"": {""label_fi"": ""Edellinen tilikausi T-1"", ""count"": 9}}","[""69535.22"", ""138134.89"", ""-8108.95""]"
fi_MC:x738,Voitto (tappio) ennen tilinpäätössiirtoja ja veroja,10,9,20,"{""fi_met:md103"": 18, ""fi_met:mi53"": 2}","{""fi_RF:x53"": {""label_fi"": ""Edellinen tilikausi T-1"", ""count"": 9}}","[""71225.37"", ""139827.25"", ""-6738.48""]"
fi_MC:x740,Tilikauden voitto (tappio),10,9,20,"{""fi_met:md103"": 18, ""fi_met:mi53"": 2}","{""fi_RF:x53"": {""label_fi"": ""Edellinen tilikausi T-1"", ""count"": 9}}","[""56980.82"", ""111750.78"", ""-6738.48""]"
fi_MC:x932,Edellisten tilikausien voitto (tappio),10,9,20,"{""fi_met:mi53"": 20}","{""fi_RF:x4"": {""label_fi"": ""Tilikauden loppussa T-1"", ""count"": 10}}","[""382214.33"", ""382213.65"", ""218184.70""]"
fi_MC:x1742,Muut osakkeet ja osuudet,9,8,18,"{""fi_met:mi53"": 18}","{""fi_RF:x4"": {""label_fi"": ""Tilikauden loppussa T-1"", ""count"": 9}}","[""96423.82"", ""96423.82"", ""4541.07""]"
fi_MC:x4046,Korkokulut- ja muut rahoituskulut muille kuin saman konsernin yrityksille,9,8,18,"{""fi_met:md103"": 16, ""fi_met:mi53"": 2}","{""fi_RF:x53"": {""label_fi"": ""Edellinen tilikausi T-1"", ""count"": 8}}","[""-15.61"", ""-60.14"", ""-1426.63""]"
fi_MC:x583,Sijoitukset,9,8,18,"{""fi_met:mi53"": 18}","{""fi_RF:x4"": {""label_fi"": ""Tilikauden loppussa T-1"", ""count"": 9}}","[""96423.82"", ""96423.82"", ""273480.32""]"
fi_MC:x1819,Lyhytaikaiset ostovelat,8,7,16,"{""fi_met:mi53"": 16}","{""fi_RF:x4"": {""label_fi"": ""Tilikauden loppussa T-1"", ""count"": 8}}","[""2451.68"", ""3285.72"", ""191188.59""]"
fi_MC:x4014,Muut korko- ja rahoitustuotot muilta kuin saman konsernin yrityksiltä,8,8,16,"{""fi_met:md103"": 14, ""fi_met:mi53"": 2}","{""fi_RF:x53"": {""label_fi"": ""Edellinen tilikausi T-1"", ""count"": 7}}","[""18.26"", ""0.00"", ""0.01""]"
fi_MC:x673,Liikevaihto,8,7,16,"{""fi_met:md103"": 16}","{""fi_RF:x53"": {""label_fi"": ""Edellinen tilikausi T-1"", ""count"": 8}}","[""801301.28"", ""800484.80"", ""16000.00""]"
fi_MC:x1769,Lyhytaikaiset myyntisaamiset,7,6,14,"{""fi_met:mi53"": 14}","{""fi_RF:x4"": {""label_fi"": ""Tilikauden loppussa T-1"", ""count"": 7}}","[""47893.51"", ""32497.89"", ""421493.75""]"
fi_MC:x1771,Lyhytaikaiset muut saamiset,7,7,14,"{""fi_met:mi53"": 14}","{""fi_RF:x4"": {""label_fi"": ""Tilikauden loppussa T-1"", ""count"": 7}}","[""17.81"", ""0.00"", ""51624.86""]"
fi_MC:x1826,Lyhytaikaiset siirtovelat,7,6,14,"{""fi_met:mi53"": 14}","{""fi_RF:x4"": {""label_fi"": ""Tilikauden loppussa T-1"", ""count"": 7}}","[""52851.63"", ""61050.71"", ""235742.58""]"
fi_MC:x4133,"Tuotot muista pysyvien vastaavien sijoituksista, muilta yrityksiltä saadut",7,6,14,"{""fi_met:md103"": 14}","{""fi_RF:x53"": {""label_fi"": ""Edellinen tilikausi T-1"", ""count"": 7}}","[""1687.50"", ""1752.50"", ""546.10""]"
fi_MC:x5,Henkilöstökulut,7,7,14,"{""fi_met:md103"": 12, ""fi_met:mi53"": 2}","{""fi_RF:x53"": {""label_fi"": ""Edellinen tilikausi T-1"", ""count"": 6}}","[""-404484.84"", ""-356665.95"", ""-1396632.79""]"
fi_MC:x816,Aineelliset hyödykkeet,7,6,14,"{""fi_met:mi53"": 14}","{""fi_RF:x4"": {""label_fi"": ""Tilikauden loppussa T-1"", ""count"": 7}}","[""1136.03"", ""1136.03"", ""143118.76""]"
fi_MC:x9,Muut henkilösivukulut,7,7,14,"{""fi_met:md103"": 12, ""fi_met:mi53"": 2}","{""fi_RF:x53"": {""label_fi"": ""Edellinen tilikausi T-1"", ""count"": 6}}","[""-8616.39"", ""-9143.40"", ""-56831.37""]"
fi_MC:x10,Palvelujen ostot,6,5,12,"{""fi_met:md103"": 12}","{""fi_RF:x53"": {""label_fi"": ""Edellinen tilikausi T-1"", ""count"": 6}}","[""0.00"", ""-660.00"", ""-2161873.68""]"
fi_MC:x1775,Lyhytaikaiset siirtosaamiset,6,6,12,"{""fi_met:mi53"": 12}","{""fi_RF:x4"": {""label_fi"": ""Tilikauden loppussa T-1"", ""count"": 6}}","[""6362.75"", ""4149.05"", ""103313.92""]"
fi_MC:x448,Poistot ja arvonalentumiset,6,5,12,"{""fi_met:md103"": 10, ""fi_met:mi53"": 2}","{""fi_RF:x53"": {""label_fi"": ""Edellinen tilikausi T-1"", ""count"": 5}}","[""-36588.62"", ""-19871.25"", ""-214.47""]"
fi_MC:x449,Suunnitelman mukaiset poistot,6,5,12,"{""fi_met:md103"": 10, ""fi_met:mi53"": 2}","{""fi_RF:x53"": {""label_fi"": ""Edellinen tilikausi T-1"", ""count"": 5}}","[""-36588.62"", ""-19871.25"", ""-214.47""]"
fi_MC:x541,Tuloverot,6,6,12,"{""fi_met:md103"": 10, ""fi_met:mi53"": 2}","{""fi_RF:x53"": {""label_fi"": ""Edellinen tilikausi T-1"", ""count"": 5}}","[""-14244.55"", ""-28076.47"", ""0.00""]"
fi_MC:x6,Palkat ja palkkiot,6,6,12,"{""fi_met:md103"": 10, ""fi_met:mi53"": 2}","{""fi_RF:x53"": {""label_fi"": ""Edellinen tilikausi T-1"", ""count"": 5}}","[""-318484.17"", ""-284360.05"", ""-1131026.94""]"
fi_MC:x758,Materiaalit ja palvelut,6,5,12,"{""fi_met:md103"": 12}","{""fi_RF:x53"": {""label_fi"": ""Edellinen tilikausi T-1"", ""count"": 6}}","[""-246056.03"", ""-226479.70"", ""-3751577.17""]"
fi_MC:x1830,Pitkäaikainen vieras pääoma,5,4,10,"{""fi_met:mi53"": 10}","{""fi_RF:x4"": {""label_fi"": ""Tilikauden loppussa T-1"", ""count"": 5}}","[""84123.80"", ""84123.80"", ""2169244.49""]"
fi_MC:x3023,Lyhytaikaiset lainat rahoituslaitoksilta,5,4,10,"{""fi_met:mi53"": 10}","{""fi_RF:x4"": {""label_fi"": ""Tilikauden loppussa T-1"", ""count"": 5}}","[""6949.48"", ""28292.52"", ""0.00""]"
fi_MC:x49,Liiketoiminnan muut tuotot,5,4,10,"{""fi_met:md103"": 10}","{""fi_RF:x53"": {""label_fi"": ""Edellinen tilikausi T-1"", ""count"": 5}}","[""10889.65"", ""7590.20"", ""5150.00""]"
fi_MC:x8,Eläkekulut,5,5,10,"{""fi_met:md103"": 8, ""fi_met:mi53"": 2}","{""fi_RF:x53"": {""label_fi"": ""Edellinen tilikausi T-1"", ""count"": 4}}","[""-77384.28"", ""-63162.50"", ""-208774.48""]"
fi_MC:x1036,Koneet ja kalusto,4,4,8,"{""fi_met:mi53"": 8}","{""fi_RF:x4"": {""label_fi"": ""Tilikauden loppussa T-1"", ""count"": 4}}","[""108322.51"", ""58062.17"", ""643.42""]"
fi_MC:x2308,"Maa- ja vesialueet, Omistetut",4,3,8,"{""fi_met:mi53"": 8}","{""fi_RF:x4"": {""label_fi"": ""Tilikauden loppussa T-1"", ""count"": 4}}","[""28404.46"", ""28404.46"", ""342104.20""]"
fi_MC:x2334,"Rakennukset ja rakennelmat, Omistetut",4,3,8,"{""fi_met:mi53"": 8}","{""fi_RF:x4"": {""label_fi"": ""Tilikauden loppussa T-1"", ""count"": 4}}","[""6391.79"", ""6872.87"", ""493799.75""]"
fi_MC:x2934,Pitkäaikaiset lainat rahoituslaitoksilta,4,3,8,"{""fi_met:mi53"": 8}","{""fi_RF:x4"": {""label_fi"": ""Tilikauden loppussa T-1"", ""count"": 4}}","[""74751.26"", ""33352.84"", ""484900.00""]"
fi_MC:x755,Ostot tilikauden aikana,4,4,8,"{""fi_met:md103"": 8}","{""fi_RF:x53"": {""label_fi"": ""Edellinen tilikausi T-1"", ""count"": 4}}","[""-243017.72"", ""-285814.47"", ""-1623365.45""]"
fi_MC:x1729,Muut aineelliset hyödykkeet,3,3,6,"{""fi_met:mi53"": 6}","{""fi_RF:x4"": {""label_fi"": ""Tilikauden loppussa T-1"", ""count"": 3}}","[""1136.03"", ""1136.03"", ""1225.25""]"
fi_MC:x2233,Pitkäaikaiset muut velat,3,2,6,"{""fi_met:mi53"": 6}","{""fi_RF:x4"": {""label_fi"": ""Tilikauden loppussa T-1"", ""count"": 3}}","[""84123.80"", ""84123.80"", ""12000.00""]"
fi_MC:x1757,Aineet ja tarvikkeet,2,2,4,"{""fi_met:mi53"": 4}","{""fi_RF:x4"": {""label_fi"": ""Tilikauden loppussa T-1"", ""count"": 2}}","[""338047.03"", ""341085.34"", ""288370.57""]"
fi_MC:x1761,Pitkäaikaiset saamiset,2,2,4,"{""fi_met:mi53"": 4}","{""fi_RF:x4"": {""label_fi"": ""Tilikauden loppussa T-1"", ""count"": 2}}","[""36205.83"", ""55941.74"", ""200.00""]"
fi_MC:x1770,Lyhytaikaiset lainasaamiset,2,2,4,"{""fi_met:mi53"": 4}","{""fi_RF:x4"": {""label_fi"": ""Tilikauden loppussa T-1"", ""count"": 2}}","[""0.00"", ""5333.52"", ""2660.02""]"
fi_MC:x2920,Pitkäaikaiset pääomalainat,2,1,4,"{""fi_met:mi53"": 4}","{""fi_RF:x4"": {""label_fi"": ""Tilikauden loppussa T-1"", ""count"": 2}}","[""134093.96"", ""134093.96"", ""134093.96""]"
fi_MC:x544,Varastojen lisäys (vähennys),2,2,4,"{""fi_met:md103"": 4}","{""fi_RF:x53"": {""label_fi"": ""Edellinen tilikausi T-1"", ""count"": 2}}","[""-3038.31"", ""59994.77"", ""33661.96""]"
fi_MC:x807,Vaihto-omaisuus,2,2,4,"{""fi_met:mi53"": 4}","{""fi_RF:x4"": {""label_fi"": ""Tilikauden loppussa T-1"", ""count"": 2}}","[""338047.03"", ""341085.34"", ""2213840.05""]"
fi_MC:x933,Arvonkorotusrahasto,2,1,4,"{""fi_met:mi53"": 4}","{""fi_RF:x4"": {""label_fi"": ""Tilikauden loppussa T-1"", ""count"": 2}}","[""336375.85"", ""336375.85"", ""336375.85""]"
fi_MC:x1117,Arvonalentumiset pysyvien vastaavien sijoituksista,1,1,2,"{""fi_met:md103"": 2}","{""fi_RF:x53"": {""label_fi"": ""Edellinen tilikausi T-1"", ""count"": 1}}","[""0.00"", ""-298671.14""]"
fi_MC:x1737,Osakkeet ja osuudet tytäryhteisöissä,1,1,2,"{""fi_met:mi53"": 2}","{""fi_RF:x4"": {""label_fi"": ""Tilikauden loppussa T-1"", ""count"": 1}}","[""268939.25"", ""268939.25""]"
fi_MC:x1758,Keskeneräiset tuotteet,1,1,2,"{""fi_met:mi53"": 2}","{""fi_RF:x4"": {""label_fi"": ""Tilikauden loppussa T-1"", ""count"": 1}}","[""1925469.48"", ""746129.85""]"
fi_MC:x1764,Pitkäaikaiset muut saamiset,1,1,2,"{""fi_met:mi53"": 2}","{""fi_RF:x4"": {""label_fi"": ""Tilikauden loppussa T-1"", ""count"": 1}}","[""200.00"", ""200.00""]"
fi_MC:x1805,Pitkäaikaiset saadut ennakot,1,1,2,"{""fi_met:mi53"": 2}","{""fi_RF:x4"": {""label_fi"": ""Tilikauden loppussa T-1"", ""count"": 1}}","[""2094493.23"", ""774706.96""]"
fi_MC:x1806,Pitkäaikaiset ostovelat,1,1,2,"{""fi_met:mi53"": 2}","{""fi_RF:x4"": {""label_fi"": ""Tilikauden loppussa T-1"", ""count"": 1}}","[""58435.00"", ""99514.82""]"
fi_MC:x1818,Lyhytaikaiset saadut ennakot,1,1,2,"{""fi_met:mi53"": 2}","{""fi_RF:x4"": {""label_fi"": ""Tilikauden loppussa T-1"", ""count"": 1}}","[""9117.67"", ""3113.67""]"
fi_MC:x1893,Liikearvo,1,1,2,"{""fi_met:mi53"": 2}","{""fi_RF:x4"": {""label_fi"": ""Tilikauden loppussa T-1"", ""count"": 1}}","[""31148.57"", ""41531.43""]"
fi_MC:x2191,"Muut osakkeet ja osuudet, rahoitusarvopaperit",1,1,2,"{""fi_met:mi53"": 2}","{""fi_RF:x4"": {""label_fi"": ""Tilikauden loppussa T-1"", ""count"": 1}}","[""132.55"", ""132.55""]"
fi_MC:x2548,Pitkäaikaiset saamiset saman konsernin yrityksiltä,1,1,2,"{""fi_met:mi53"": 2}","{""fi_RF:x4"": {""label_fi"": ""Tilikauden loppussa T-1"", ""count"": 1}}","[""36205.83"", ""55941.74""]"
fi_MC:x3051,Lyhytaikaiset velat saman konsernin yrityksille,1,1,2,"{""fi_met:mi53"": 2}","{""fi_RF:x4"": {""label_fi"": ""Tilikauden loppussa T-1"", ""count"": 1}}","[""1017.77"", ""0.00""]"
fi_MC:x3952,Tuotot osuuksista saman konsernin yrityksissä,1,1,2,"{""fi_met:md103"": 2}","{""fi_RF:x53"": {""label_fi"": ""Edellinen tilikausi T-1"", ""count"": 1}}","[""0.00"", ""10645.63""]"
fi_MC:x4003,Muut korko- ja rahoitustuotot saman konsernin yrityksiltä,1,1,2,"{""fi_met:md103"": 2}","{""fi_RF:x53"": {""label_fi"": ""Edellinen tilikausi T-1"", ""count"": 1}}","[""2797.09"", ""2085.37""]"
fi_MC:x48,Valmistevarastojen muutos,1,1,2,"{""fi_met:md103"": 2}","{""fi_RF:x53"": {""label_fi"": ""Edellinen tilikausi T-1"", ""count"": 1}}","[""1179339.63"", ""418481.86""]"
fi_MC:x520,Bruttotulos,1,1,2,"{""fi_met:mi53"": 2}",{},"[""983768.02"", ""1058737.60""]"
fi_MC:x551,Aineettomat hyödykkeet,1,1,2,"{""fi_met:mi53"": 2}","{""fi_RF:x4"": {""label_fi"": ""Tilikauden loppussa T-1"", ""count"": 1}}","[""31148.57"", ""41531.43""]"
fi_MC:x578,Rahoitusarvopaperit,1,1,2,"{""fi_met:mi53"": 2}","{""fi_RF:x4"": {""label_fi"": ""Tilikauden loppussa T-1"", ""count"": 1}}","[""132.55"", ""132.55""]"
