code,sheet,row,row_text
fi_MC:x10,y-t05.01,13,Ulkopuoliset palvelut | R0110 | md103 (Tilikauden rahallinen kertymä) | fi_MC:x10 (Palvelujen ostot)
fi_MC:x10,y-t05.02,13,Ulkopuoliset palvelut | R0110 | md103 (Tilikauden rahallinen kertymä) | fi_MC:x10 (Palvelujen ostot) | fi_SC:x7 (Konsolidoitu)
fi_MC:x10,y-t05.05,14,Palvelujen ostot | R0100 | fi_MC:x10 (Palvelujen ostot)
fi_MC:x10,y-t05.06,14,Palvelujen ostot | R0100 | fi_MC:x10 (Palvelujen ostot)
fi_MC:x1036,y-t04.03,19,Koneet ja kalusto | R0150 | mi53 (Kirjanpitoarvo) | fi_MC:x1036 (Koneet ja kalusto)
fi_MC:x1036,y-t04.04,19,Koneet ja kalusto | R0150 | mi53 (Kirjanpitoarvo) | fi_MC:x1036 (Koneet ja kalusto)
fi_MC:x1036,y-t04.05,22,Koneet ja kalusto | R0180 | mi53 (Kirjanpitoarvo) | fi_MC:x1036 (Koneet ja kalusto)
fi_MC:x1036,y-t04.06,23,Koneet ja kalusto | R0190 | mi53 (Kirjanpitoarvo) | fi_MC:x1036 (Koneet ja kalusto)
fi_MC:x1117,y-t05.05,36,Arvonalentumiset pysyvien vastaavien sijoituksista | R0320 | fi_MC:x1117 (Arvonalentumiset pysyvien vastaavien sijoituksista)
fi_MC:x1117,y-t05.06,38,Arvonalentumiset pysyvien vastaavien sijoituksista | R0340 | fi_MC:x1117 (Arvonalentumiset pysyvien vastaavien sijoituksista)
fi_MC:x1117,y-t05.07,22,Arvonalentumiset pysyvien vastaavien sijoituksista | R0180 | fi_MC:x1117 (Arvonalentumiset pysyvien vastaavien sijoituksista)
fi_MC:x1117,y-t05.08,23,Arvonalentumiset pysyvien vastaavien sijoituksista | R0190 | fi_MC:x1117 (Arvonalentumiset pysyvien vastaavien sijoituksista)
fi_MC:x12,y-t05.01,31,Rahoitustuotot (-kulut) yhteensä | R0330 | md103 (Tilikauden rahallinen kertymä) | fi_MC:x12 (Rahoitustuotot ja -kulut + (-))
fi_MC:x12,y-t05.03,16,Rahoitustuotot (-kulut) yhteensä | R0130 | md103 (Tilikauden rahallinen kertymä) | fi_MC:x12 (Rahoitustuotot ja -kulut + (-))
fi_MC:x12,y-t05.04,16,Rahoitustuotot (-kulut) yhteensä | R0130 | md103 (Tilikauden rahallinen kertymä) | fi_MC:x12 (Rahoitustuotot ja -kulut + (-))
fi_MC:x12,y-t05.05,27,Rahoitustuotot ja -kulut + (-) | R0230 | fi_MC:x12 (Rahoitustuotot ja -kulut + (-))
fi_MC:x12,y-t05.06,29,Rahoitustuotot ja -kulut + (-) | R0250 | fi_MC:x12 (Rahoitustuotot ja -kulut + (-))
fi_MC:x12,y-t05.07,13,Rahoitustuotot ja -kulut + (-) | R0090 | fi_MC:x12 (Rahoitustuotot ja -kulut + (-))
fi_MC:x12,y-t05.08,14,Rahoitustuotot ja -kulut + (-) | R0100 | fi_MC:x12 (Rahoitustuotot ja -kulut + (-))
fi_MC:x12,y-t05.09,10,Rahoitustuotot ja -kulut + (-) | R0060 | fi_MC:x12 (Rahoitustuotot ja -kulut + (-))
fi_MC:x12,y-t05.10,11,Rahoitustuotot ja -kulut + (-) | R0070 | fi_MC:x12 (Rahoitustuotot ja -kulut + (-))
fi_MC:x12,y-t05.11,10,Rahoitustuotot ja -kulut + (-) | R0060 | fi_MC:x12 (Rahoitustuotot ja -kulut + (-))
fi_MC:x12,y-t05.12,11,Rahoitustuotot ja -kulut + (-) | R0070 | fi_MC:x12 (Rahoitustuotot ja -kulut + (-))
fi_MC:x12,y-t06.03,10,Rahoitustuotot ja -kulut + (-) | R0080 | md103 (Tilikauden rahallinen kertymä) | fi_MC:x12 (Rahoitustuotot ja -kulut + (-))
fi_MC:x12,y-t06.04,10,Rahoitustuotot ja -kulut + (-) | R0080 | md103 (Tilikauden rahallinen kertymä) | fi_MC:x12 (Rahoitustuotot ja -kulut + (-))
fi_MC:x1729,y-t04.03,20,Muut aineelliset hyödykkeet | R0160 | mi53 (Kirjanpitoarvo) | fi_MC:x1729 (Muut aineelliset hyödykkeet)
fi_MC:x1729,y-t04.04,20,Muut aineelliset hyödykkeet | R0160 | mi53 (Kirjanpitoarvo) | fi_MC:x1729 (Muut aineelliset hyödykkeet)
fi_MC:x1729,y-t04.05,23,Muut aineelliset hyödykkeet | R0190 | mi53 (Kirjanpitoarvo) | fi_MC:x1729 (Muut aineelliset hyödykkeet)
fi_MC:x1729,y-t04.06,24,Muut aineelliset hyödykkeet | R0200 | mi53 (Kirjanpitoarvo) | fi_MC:x1729 (Muut aineelliset hyödykkeet)
fi_MC:x1737,y-t04.03,23,Osakkeet ja osuudet tytäryhteisöissä | R0190 | mi53 (Kirjanpitoarvo) | fi_MC:x1737 (Osakkeet ja osuudet tytäryhteisöissä)
fi_MC:x1737,y-t04.04,23,Osakkeet ja osuudet tytäryhteisöissä | R0190 | mi53 (Kirjanpitoarvo) | fi_MC:x1737 (Osakkeet ja osuudet tytäryhteisöissä)
fi_MC:x1737,y-t04.05,26,Osakkeet ja osuudet tytäryhteisöissä | R0220 | mi53 (Kirjanpitoarvo) | fi_MC:x1737 (Osakkeet ja osuudet tytäryhteisöissä)
fi_MC:x1737,y-t04.06,27,Osakkeet ja osuudet tytäryhteisöissä | R0230 | mi53 (Kirjanpitoarvo) | fi_MC:x1737 (Osakkeet ja osuudet tytäryhteisöissä)
fi_MC:x1742,y-t04.03,27,Muut osakkeet ja osuudet | R0230 | mi53 (Kirjanpitoarvo) | fi_MC:x1742 (Muut osakkeet ja osuudet)
fi_MC:x1742,y-t04.04,27,Muut osakkeet ja osuudet | R0230 | mi53 (Kirjanpitoarvo) | fi_MC:x1742 (Muut osakkeet ja osuudet)
fi_MC:x1742,y-t04.05,30,Muut osakkeet ja osuudet | R0260 | mi53 (Kirjanpitoarvo) | fi_MC:x1742 (Muut osakkeet ja osuudet)
fi_MC:x1742,y-t04.06,31,Muut osakkeet ja osuudet | R0270 | mi53 (Kirjanpitoarvo) | fi_MC:x1742 (Muut osakkeet ja osuudet)
fi_MC:x1757,y-t04.03,31,Aineet ja tarvikkeet | R0270 | mi53 (Kirjanpitoarvo) | fi_MC:x1757 (Aineet ja tarvikkeet)
fi_MC:x1757,y-t04.04,31,Aineet ja tarvikkeet | R0270 | mi53 (Kirjanpitoarvo) | fi_MC:x1757 (Aineet ja tarvikkeet)
fi_MC:x1757,y-t04.05,35,Aineet ja tarvikkeet | R0310 | mi53 (Kirjanpitoarvo) | fi_MC:x1757 (Aineet ja tarvikkeet)
fi_MC:x1757,y-t04.06,36,Aineet ja tarvikkeet | R0320 | mi53 (Kirjanpitoarvo) | fi_MC:x1757 (Aineet ja tarvikkeet)
fi_MC:x1758,y-t04.03,32,Keskeneräiset tuotteet | R0280 | mi53 (Kirjanpitoarvo) | fi_MC:x1758 (Keskeneräiset tuotteet)
fi_MC:x1758,y-t04.04,32,Keskeneräiset tuotteet | R0280 | mi53 (Kirjanpitoarvo) | fi_MC:x1758 (Keskeneräiset tuotteet)
fi_MC:x1758,y-t04.05,36,Keskeneräiset tuotteet | R0320 | mi53 (Kirjanpitoarvo) | fi_MC:x1758 (Keskeneräiset tuotteet)
fi_MC:x1758,y-t04.06,37,Keskeneräiset tuotteet | R0330 | mi53 (Kirjanpitoarvo) | fi_MC:x1758 (Keskeneräiset tuotteet)
fi_MC:x1761,y-t04.05,41,Pitkäaikaiset saamiset | R0370 | mi53 (Kirjanpitoarvo) | fi_MC:x1761 (Pitkäaikaiset saamiset)
fi_MC:x1761,y-t04.06,42,Pitkäaikaiset saamiset | R0380 | mi53 (Kirjanpitoarvo) | fi_MC:x1761 (Pitkäaikaiset saamiset)
fi_MC:x1764,y-t04.05,46,Pitkäaikaiset muut saamiset | R0420 | mi53 (Kirjanpitoarvo) | fi_MC:x1764 (Pitkäaikaiset muut saamiset)
fi_MC:x1764,y-t04.06,47,Pitkäaikaiset muut saamiset | R0430 | mi53 (Kirjanpitoarvo) | fi_MC:x1764 (Pitkäaikaiset muut saamiset)
fi_MC:x1768,y-t04.05,49,Lyhytaikaiset saamiset | R0450 | mi53 (Kirjanpitoarvo) | fi_MC:x1768 (Lyhytaikaiset saamiset)
fi_MC:x1768,y-t04.06,50,Lyhytaikaiset saamiset | R0460 | mi53 (Kirjanpitoarvo) | fi_MC:x1768 (Lyhytaikaiset saamiset)
fi_MC:x1769,y-t04.05,50,Lyhytaikaiset myyntisaamiset | R0460 | mi53 (Kirjanpitoarvo) | fi_MC:x1769 (Lyhytaikaiset myyntisaamiset)
fi_MC:x1769,y-t04.06,51,Lyhytaikaiset myyntisaamiset | R0470 | mi53 (Kirjanpitoarvo) | fi_MC:x1769 (Lyhytaikaiset myyntisaamiset)
fi_MC:x1770,y-t04.05,53,Lyhytaikaiset lainasaamiset | R0490 | mi53 (Kirjanpitoarvo) | fi_MC:x1770 (Lyhytaikaiset lainasaamiset)
fi_MC:x1770,y-t04.06,54,Lyhytaikaiset lainasaamiset | R0500 | mi53 (Kirjanpitoarvo) | fi_MC:x1770 (Lyhytaikaiset lainasaamiset)
fi_MC:x1771,y-t04.05,54,Lyhytaikaiset muut saamiset | R0500 | mi53 (Kirjanpitoarvo) | fi_MC:x1771 (Lyhytaikaiset muut saamiset)
fi_MC:x1771,y-t04.06,55,Lyhytaikaiset muut saamiset | R0510 | mi53 (Kirjanpitoarvo) | fi_MC:x1771 (Lyhytaikaiset muut saamiset)
fi_MC:x1775,y-t04.05,56,Lyhytaikaiset siirtosaamiset | R0520 | mi53 (Kirjanpitoarvo) | fi_MC:x1775 (Lyhytaikaiset siirtosaamiset)
fi_MC:x1775,y-t04.06,57,Lyhytaikaiset siirtosaamiset | R0530 | mi53 (Kirjanpitoarvo) | fi_MC:x1775 (Lyhytaikaiset siirtosaamiset)
fi_MC:x1805,y-t04.05,90,Pitkäaikaiset saadut ennakot | R0860 | mi53 (Kirjanpitoarvo) | fi_MC:x1805 (Pitkäaikaiset saadut ennakot)
fi_MC:x1805,y-t04.06,93,Pitkäaikaiset saadut ennakot | R0890 | mi53 (Kirjanpitoarvo) | fi_MC:x1805 (Pitkäaikaiset saadut ennakot)
fi_MC:x1806,y-t04.05,91,Pitkäaikaiset ostovelat | R0870 | mi53 (Kirjanpitoarvo) | fi_MC:x1806 (Pitkäaikaiset ostovelat)
fi_MC:x1806,y-t04.06,94,Pitkäaikaiset ostovelat | R0900 | mi53 (Kirjanpitoarvo) | fi_MC:x1806 (Pitkäaikaiset ostovelat)
fi_MC:x1811,y-t04.05,98,Lyhytaikainen vieras pääoma | R0940 | mi53 (Kirjanpitoarvo) | fi_MC:x1811 (Lyhytaikainen vieras pääoma)
fi_MC:x1811,y-t04.06,101,Lyhytaikainen vieras pääoma | R0970 | mi53 (Kirjanpitoarvo) | fi_MC:x1811 (Lyhytaikainen vieras pääoma)
fi_MC:x1818,y-t04.05,104,Lyhytaikaiset saadut ennakot | R1000 | mi53 (Kirjanpitoarvo) | fi_MC:x1818 (Lyhytaikaiset saadut ennakot)
fi_MC:x1818,y-t04.06,107,Lyhytaikaiset saadut ennakot | R1030 | mi53 (Kirjanpitoarvo) | fi_MC:x1818 (Lyhytaikaiset saadut ennakot)
fi_MC:x1819,y-t04.05,105,Lyhytaikaiset ostovelat | R1010 | mi53 (Kirjanpitoarvo) | fi_MC:x1819 (Lyhytaikaiset ostovelat)
fi_MC:x1819,y-t04.06,108,Lyhytaikaiset ostovelat | R1040 | mi53 (Kirjanpitoarvo) | fi_MC:x1819 (Lyhytaikaiset ostovelat)
fi_MC:x1825,y-t04.05,111,Lyhytaikaiset muut velat | R1070 | mi53 (Kirjanpitoarvo) | fi_MC:x1825 (Lyhytaikaiset muut velat)
fi_MC:x1825,y-t04.06,114,Lyhytaikaiset muut velat | R1100 | mi53 (Kirjanpitoarvo) | fi_MC:x1825 (Lyhytaikaiset muut velat)
fi_MC:x1826,y-t04.05,110,Lyhytaikaiset siirtovelat | R1060 | mi53 (Kirjanpitoarvo) | fi_MC:x1826 (Lyhytaikaiset siirtovelat)
fi_MC:x1826,y-t04.06,113,Lyhytaikaiset siirtovelat | R1090 | mi53 (Kirjanpitoarvo) | fi_MC:x1826 (Lyhytaikaiset siirtovelat)
fi_MC:x1830,y-t04.05,84,Pitkäaikainen vieras pääoma | R0800 | mi53 (Kirjanpitoarvo) | fi_MC:x1830 (Pitkäaikainen vieras pääoma)
fi_MC:x1830,y-t04.06,87,Pitkäaikainen vieras pääoma | R0830 | mi53 (Kirjanpitoarvo) | fi_MC:x1830 (Pitkäaikainen vieras pääoma)
fi_MC:x1869,y-t05.01,26,Liiketoiminnan muut kulut | R0270 | md103 (Tilikauden rahallinen kertymä) | fi_MC:x1869 (Liiketoiminnan muut kulut)
fi_MC:x1869,y-t05.03,11,Liiketoiminnan muut kulut | R0070 | md103 (Tilikauden rahallinen kertymä) | fi_MC:x1869 (Liiketoiminnan muut kulut)
fi_MC:x1869,y-t05.04,11,Liiketoiminnan muut kulut | R0070 | md103 (Tilikauden rahallinen kertymä) | fi_MC:x1869 (Liiketoiminnan muut kulut)
fi_MC:x1869,y-t05.05,25,Liiketoiminnan muut kulut | R0210 | fi_MC:x1869 (Liiketoiminnan muut kulut)
fi_MC:x1869,y-t05.06,26,Liiketoiminnan muut kulut | R0220 | fi_MC:x1869 (Liiketoiminnan muut kulut)
fi_MC:x1869,y-t05.07,11,Liiketoiminnan muut kulut | R0070 | fi_MC:x1869 (Liiketoiminnan muut kulut)
fi_MC:x1869,y-t05.08,11,Liiketoiminnan muut kulut | R0070 | fi_MC:x1869 (Liiketoiminnan muut kulut)
fi_MC:x1869,y-t05.09,8,Liiketoiminnan muut kulut | R0040 | fi_MC:x1869 (Liiketoiminnan muut kulut)
fi_MC:x1869,y-t05.10,8,Liiketoiminnan muut kulut | R0040 | fi_MC:x1869 (Liiketoiminnan muut kulut)
fi_MC:x1869,y-t05.11,8,Liiketoiminnan muut kulut | R0040 | fi_MC:x1869 (Liiketoiminnan muut kulut)
fi_MC:x1869,y-t05.12,8,Liiketoiminnan muut kulut | R0040 | fi_MC:x1869 (Liiketoiminnan muut kulut)
fi_MC:x1893,y-t04.03,12,Liikearvo | R0080 | mi53 (Kirjanpitoarvo) | fi_MC:x1893 (Liikearvo)
fi_MC:x1893,y-t04.04,12,Liikearvo | R0080 | mi53 (Kirjanpitoarvo) | fi_MC:x1893 (Liikearvo)
fi_MC:x1893,y-t04.05,12,Liikearvo | R0080 | mi53 (Kirjanpitoarvo) | fi_MC:x1893 (Liikearvo)
fi_MC:x1893,y-t04.06,12,Liikearvo | R0080 | mi53 (Kirjanpitoarvo) | fi_MC:x1893 (Liikearvo)
fi_MC:x2191,y-t04.03,46,"Muut osakkeet ja osuudet, rahoitusarvopaperit | R0420 | mi53 (Kirjanpitoarvo) | fi_MC:x2191 (Muut osakkeet ja osuudet, rahoitusarvopaperit)"
fi_MC:x2191,y-t04.04,46,"Muut osakkeet ja osuudet, rahoitusarvopaperit | R0420 | mi53 (Kirjanpitoarvo) | fi_MC:x2191 (Muut osakkeet ja osuudet, rahoitusarvopaperit)"
fi_MC:x2191,y-t04.05,59,"Muut osakkeet ja osuudet, rahoitusarvopaperit | R0550 | mi53 (Kirjanpitoarvo) | fi_MC:x2191 (Muut osakkeet ja osuudet, rahoitusarvopaperit)"
fi_MC:x2191,y-t04.06,60,"Muut osakkeet ja osuudet, rahoitusarvopaperit | R0560 | mi53 (Kirjanpitoarvo) | fi_MC:x2191 (Muut osakkeet ja osuudet, rahoitusarvopaperit)"
fi_MC:x2233,y-t04.05,97,Pitkäaikaiset muut velat | R0930 | mi53 (Kirjanpitoarvo) | fi_MC:x2233 (Pitkäaikaiset muut velat)
fi_MC:x2233,y-t04.06,100,Pitkäaikaiset muut velat | R0960 | mi53 (Kirjanpitoarvo) | fi_MC:x2233 (Pitkäaikaiset muut velat)
fi_MC:x2308,y-t04.05,17,"Maa- ja vesialueet, Omistetut | R0130 | mi53 (Kirjanpitoarvo) | fi_MC:x2308 (Maa- ja vesialueet, Omistetut)"
fi_MC:x2308,y-t04.06,18,"Maa- ja vesialueet, Omistetut | R0140 | mi53 (Kirjanpitoarvo) | fi_MC:x2308 (Maa- ja vesialueet, Omistetut)"
fi_MC:x2334,y-t04.05,20,"Rakennukset ja rakennelmat, Omistetut | R0160 | mi53 (Kirjanpitoarvo) | fi_MC:x2334 (Rakennukset ja rakennelmat, Omistetut)"
fi_MC:x2334,y-t04.06,21,"Rakennukset ja rakennelmat, Omistetut | R0170 | mi53 (Kirjanpitoarvo) | fi_MC:x2334 (Rakennukset ja rakennelmat, Omistetut)"
fi_MC:x2548,y-t04.05,43,Pitkäaikaiset saamiset saman konsernin yrityksiltä | R0390 | mi53 (Kirjanpitoarvo) | fi_MC:x2548 (Pitkäaikaiset saamiset saman konsernin yrityksiltä)
fi_MC:x2548,y-t04.06,44,Pitkäaikaiset saamiset saman konsernin yrityksiltä | R0400 | mi53 (Kirjanpitoarvo) | fi_MC:x2548 (Pitkäaikaiset saamiset saman konsernin yrityksiltä)
fi_MC:x2895,y-t04.03,61,"Tilikauden voitto (tappio) | R0570 | mi53 (Kirjanpitoarvo) | fi_MC:x2895 (Tilikauden voitto (tappio), oma pääoma)"
fi_MC:x2895,y-t04.04,61,"Tilikauden voitto (tappio) | R0570 | mi53 (Kirjanpitoarvo) | fi_MC:x2895 (Tilikauden voitto (tappio), oma pääoma)"
fi_MC:x2895,y-t04.05,74,"Tilikauden voitto (tappio) | R0700 | mi53 (Kirjanpitoarvo) | fi_MC:x2895 (Tilikauden voitto (tappio), oma pääoma)"
fi_MC:x2895,y-t04.06,75,"Tilikauden voitto (tappio) | R0710 | mi53 (Kirjanpitoarvo) | fi_MC:x2895 (Tilikauden voitto (tappio), oma pääoma)"
fi_MC:x2920,y-t04.05,85,Pitkäaikaiset pääomalainat | R0810 | mi53 (Kirjanpitoarvo) | fi_MC:x2920 (Pitkäaikaiset pääomalainat)
fi_MC:x2920,y-t04.06,88,Pitkäaikaiset pääomalainat | R0840 | mi53 (Kirjanpitoarvo) | fi_MC:x2920 (Pitkäaikaiset pääomalainat)
fi_MC:x2934,y-t04.05,88,Pitkäaikaiset lainat rahoituslaitoksilta | R0840 | mi53 (Kirjanpitoarvo) | fi_MC:x2934 (Pitkäaikaiset lainat rahoituslaitoksilta)
fi_MC:x2934,y-t04.06,91,Pitkäaikaiset lainat rahoituslaitoksilta | R0870 | mi53 (Kirjanpitoarvo) | fi_MC:x2934 (Pitkäaikaiset lainat rahoituslaitoksilta)
fi_MC:x3023,y-t04.05,102,Lyhytaikaiset lainat rahoituslaitoksilta | R0980 | mi53 (Kirjanpitoarvo) | fi_MC:x3023 (Lyhytaikaiset lainat rahoituslaitoksilta)
fi_MC:x3023,y-t04.06,105,Lyhytaikaiset lainat rahoituslaitoksilta | R1010 | mi53 (Kirjanpitoarvo) | fi_MC:x3023 (Lyhytaikaiset lainat rahoituslaitoksilta)
fi_MC:x3051,y-t04.05,107,Lyhytaikaiset velat saman konsernin yrityksille | R1030 | mi53 (Kirjanpitoarvo) | fi_MC:x3051 (Lyhytaikaiset velat saman konsernin yrityksille)
fi_MC:x3051,y-t04.06,110,Lyhytaikaiset velat saman konsernin yrityksille | R1060 | mi53 (Kirjanpitoarvo) | fi_MC:x3051 (Lyhytaikaiset velat saman konsernin yrityksille)
fi_MC:x360,y-t04.01,14,Vastaavaa | R0130 | mi53 (Kirjanpitoarvo) | fi_MC:x360 (Vastaavaa)
fi_MC:x360,y-t04.02,14,Vastaavaa | R0130 | mi53 (Kirjanpitoarvo) | fi_MC:x360 (Vastaavaa)
fi_MC:x360,y-t04.03,5,Vastaavaa | R0010 | mi53 (Kirjanpitoarvo) | fi_MC:x360 (Vastaavaa)
fi_MC:x360,y-t04.04,5,Vastaavaa | R0010 | mi53 (Kirjanpitoarvo) | fi_MC:x360 (Vastaavaa)
fi_MC:x360,y-t04.05,5,Vastaavaa | R0010 | mi53 (Kirjanpitoarvo) | fi_MC:x360 (Vastaavaa)
fi_MC:x360,y-t04.06,5,Vastaavaa | R0010 | mi53 (Kirjanpitoarvo) | fi_MC:x360 (Vastaavaa)
fi_MC:x376,y-t04.01,15,Tase vastattavaa | Oma pääoma | R0150 | mi53 (Kirjanpitoarvo) | fi_MC:x376 (Oma pääoma)
fi_MC:x376,y-t04.02,15,Tase vastattavaa | Oma pääoma | R0150 | mi53 (Kirjanpitoarvo) | fi_SC:x7 (Konsolidoitu) | fi_MC:x376 (Oma pääoma)
fi_MC:x376,y-t04.03,50,Oma pääoma | R0460 | mi53 (Kirjanpitoarvo) | fi_MC:x376 (Oma pääoma)
fi_MC:x376,y-t04.04,50,Oma pääoma | R0460 | mi53 (Kirjanpitoarvo) | fi_MC:x376 (Oma pääoma)
fi_MC:x376,y-t04.05,63,Oma pääoma | R0590 | mi53 (Kirjanpitoarvo) | fi_MC:x376 (Oma pääoma)
fi_MC:x376,y-t04.06,64,Oma pääoma | R0600 | mi53 (Kirjanpitoarvo) | fi_MC:x376 (Oma pääoma)
fi_MC:x3952,y-t05.05,28,Tuotot osuuksista saman konsernin yrityksissä | R0240 | fi_MC:x3952 (Tuotot osuuksista saman konsernin yrityksissä)
fi_MC:x3952,y-t05.06,30,Tuotot osuuksista saman konsernin yrityksissä | R0260 | fi_MC:x3952 (Tuotot osuuksista saman konsernin yrityksissä)
fi_MC:x3952,y-t05.07,14,Tuotot osuuksista saman konsernin yrityksissä | R0100 | fi_MC:x3952 (Tuotot osuuksista saman konsernin yrityksissä)
fi_MC:x3952,y-t05.08,15,Tuotot osuuksista saman konsernin yrityksissä | R0110 | fi_MC:x3952 (Tuotot osuuksista saman konsernin yrityksissä)
fi_MC:x399,y-t04.01,12,Rahat ja pankkisaamiset | R0110 | mi53 (Kirjanpitoarvo) | fi_MC:x399 (Rahat ja pankkisaamiset)
fi_MC:x399,y-t04.02,12,Rahat ja pankkisaamiset | R0110 | mi53 (Kirjanpitoarvo) | fi_SC:x7 (Konsolidoitu) | fi_MC:x399 (Rahat ja pankkisaamiset)
fi_MC:x399,y-t04.03,48,Rahat ja pankkisaamiset | R0440 | mi53 (Kirjanpitoarvo) | fi_MC:x399 (Rahat ja pankkisaamiset)
fi_MC:x399,y-t04.04,48,Rahat ja pankkisaamiset | R0440 | mi53 (Kirjanpitoarvo) | fi_MC:x399 (Rahat ja pankkisaamiset)
fi_MC:x399,y-t04.05,61,Rahat ja pankkisaamiset | R0570 | mi53 (Kirjanpitoarvo) | fi_MC:x399 (Rahat ja pankkisaamiset)
fi_MC:x399,y-t04.06,62,Rahat ja pankkisaamiset | R0580 | mi53 (Kirjanpitoarvo) | fi_MC:x399 (Rahat ja pankkisaamiset)
fi_MC:x4003,y-t05.05,34,Muut korko- ja rahoitustuotot saman konsernin yrityksiltä | R0300 | fi_MC:x4003 (Muut korko- ja rahoitustuotot saman konsernin yrityksiltä)
fi_MC:x4003,y-t05.06,37,Muut korko- ja rahoitustuotot saman konsernin yrityksiltä | R0330 | fi_MC:x4003 (Muut korko- ja rahoitustuotot saman konsernin yrityksiltä)
fi_MC:x4003,y-t05.07,20,Muut korko- ja rahoitustuotot saman konsernin yrityksiltä | R0160 | fi_MC:x4003 (Muut korko- ja rahoitustuotot saman konsernin yrityksiltä)
fi_MC:x4003,y-t05.08,21,Muut korko- ja rahoitustuotot saman konsernin yrityksiltä | R0170 | fi_MC:x4003 (Muut korko- ja rahoitustuotot saman konsernin yrityksiltä)
fi_MC:x4014,y-t05.05,35,Muut korko- ja rahoitustuotot muilta | R0310 | fi_MC:x4014 (Muut korko- ja rahoitustuotot muilta kuin saman konsernin yrityksiltä)
fi_MC:x4014,y-t05.06,36,Muut korko- ja rahoitustuotot muilta | R0320 | fi_MC:x4014 (Muut korko- ja rahoitustuotot muilta kuin saman konsernin yrityksiltä)
fi_MC:x4014,y-t05.07,21,Muut korko- ja rahoitustuotot muilta | R0170 | fi_MC:x4014 (Muut korko- ja rahoitustuotot muilta kuin saman konsernin yrityksiltä)
fi_MC:x4014,y-t05.08,22,Muut korko- ja rahoitustuotot muilta | R0180 | fi_MC:x4014 (Muut korko- ja rahoitustuotot muilta kuin saman konsernin yrityksiltä)
fi_MC:x4046,y-t05.05,40,Korkokulut ja muut rahoituskulut muille | R0360 | fi_MC:x4046 (Korkokulut- ja muut rahoituskulut muille kuin saman konsernin yrityksille)
fi_MC:x4046,y-t05.06,42,Korkokulut ja muut rahoituskulut muille | R0380 | fi_MC:x4046 (Korkokulut- ja muut rahoituskulut muille kuin saman konsernin yrityksille)
fi_MC:x4046,y-t05.07,26,Korkokulut ja muut rahoituskulut muille | R0220 | fi_MC:x4046 (Korkokulut- ja muut rahoituskulut muille kuin saman konsernin yrityksille)
fi_MC:x4046,y-t05.08,27,Korkokulut ja muut rahoituskulut muille | R0230 | fi_MC:x4046 (Korkokulut- ja muut rahoituskulut muille kuin saman konsernin yrityksille)
fi_MC:x4116,y-t04.03,51,"Osake-, osuus- tai muu vastaava pääoma | R0470 | mi53 (Kirjanpitoarvo) | fi_MC:x4116 (Osake-, osuus- tai muu vastaava pääoma)"
fi_MC:x4116,y-t04.04,51,"Osake-, osuus- tai muu vastaava pääoma | R0470 | mi53 (Kirjanpitoarvo) | fi_MC:x4116 (Osake-, osuus- tai muu vastaava pääoma)"
fi_MC:x4116,y-t04.05,64,"Osake-, osuus- tai muu vastaava pääoma | R0600 | mi53 (Kirjanpitoarvo) | fi_MC:x4116 (Osake-, osuus- tai muu vastaava pääoma)"
fi_MC:x4116,y-t04.06,65,"Osake-, osuus- tai muu vastaava pääoma | R0610 | mi53 (Kirjanpitoarvo) | fi_MC:x4116 (Osake-, osuus- tai muu vastaava pääoma)"
fi_MC:x4133,y-t05.05,32,"Tuotot muista pysyvien vastaavien sijoituksista, muilta yrityksiltä saadut | R0280 | fi_MC:x4133 (Tuotot muista pysyvien vastaavien sijoituksista, muilta yrityksiltä saadut)"
fi_MC:x4133,y-t05.06,34,"Tuotot muista pysyvien vastaavien sijoituksista, muilta yrityksiltä saadut | R0300 | fi_MC:x4133 (Tuotot muista pysyvien vastaavien sijoituksista, muilta yrityksiltä saadut)"
fi_MC:x4133,y-t05.07,18,"Tuotot muista pysyvien vastaavien sijoituksista, muilta yrityksiltä saadut | R0140 | fi_MC:x4133 (Tuotot muista pysyvien vastaavien sijoituksista, muilta yrityksiltä saadut)"
fi_MC:x4133,y-t05.08,19,"Tuotot muista pysyvien vastaavien sijoituksista, muilta yrityksiltä saadut | R0150 | fi_MC:x4133 (Tuotot muista pysyvien vastaavien sijoituksista, muilta yrityksiltä saadut)"
fi_MC:x424,y-t04.01,18,Vieras pääoma | R0180 | mi53 (Kirjanpitoarvo) | fi_MC:x424 (Vieras pääoma)
fi_MC:x424,y-t04.02,20,Vieras pääoma | R0200 | mi53 (Kirjanpitoarvo) | fi_SC:x7 (Konsolidoitu) | fi_MC:x424 (Vieras pääoma)
fi_MC:x424,y-t04.03,71,Vieras pääoma | R0670 | mi53 (Kirjanpitoarvo) | fi_MC:x424 (Vieras pääoma)
fi_MC:x424,y-t04.04,71,Vieras pääoma | R0670 | mi53 (Kirjanpitoarvo) | fi_MC:x424 (Vieras pääoma)
fi_MC:x424,y-t04.05,83,Vieras pääoma | R0790 | mi53 (Kirjanpitoarvo) | fi_MC:x424 (Vieras pääoma)
fi_MC:x424,y-t04.06,86,Vieras pääoma | R0820 | mi53 (Kirjanpitoarvo) | fi_MC:x424 (Vieras pääoma)
fi_MC:x435,y-t04.01,13,Vaihtuvat vastaavat yhteensä | R0120 | mi53 (Kirjanpitoarvo) | fi_MC:x435 (Vaihtuvat vastaavat)
fi_MC:x435,y-t04.02,13,Vaihtuvat vastaavat yhteensä | R0120 | mi53 (Kirjanpitoarvo) | fi_SC:x7 (Konsolidoitu) | fi_MC:x435 (Vaihtuvat vastaavat)
fi_MC:x435,y-t04.03,29,Vaihtuvat vastaavat | R0250 | mi53 (Kirjanpitoarvo) | fi_MC:x435 (Vaihtuvat vastaavat)
fi_MC:x435,y-t04.04,29,Vaihtuvat vastaavat | R0250 | mi53 (Kirjanpitoarvo) | fi_MC:x435 (Vaihtuvat vastaavat)
fi_MC:x435,y-t04.05,33,Vaihtuvat vastaavat | R0290 | mi53 (Kirjanpitoarvo) | fi_MC:x435 (Vaihtuvat vastaavat)
fi_MC:x435,y-t04.06,34,Vaihtuvat vastaavat | R0300 | mi53 (Kirjanpitoarvo) | fi_MC:x435 (Vaihtuvat vastaavat)
fi_MC:x438,y-t04.01,10,Saamiset | R0090 | mi53 (Kirjanpitoarvo) | fi_MC:x438 (Saamiset)
fi_MC:x438,y-t04.02,10,Saamiset | R0090 | mi53 (Kirjanpitoarvo) | fi_SC:x7 (Konsolidoitu) | fi_MC:x438 (Saamiset)
fi_MC:x438,y-t04.03,36,Saamiset | R0320 | mi53 (Kirjanpitoarvo) | fi_MC:x438 (Saamiset)
fi_MC:x438,y-t04.04,36,Saamiset | R0320 | mi53 (Kirjanpitoarvo) | fi_MC:x438 (Saamiset)
fi_MC:x438,y-t04.05,40,Saamiset | R0360 | mi53 (Kirjanpitoarvo) | fi_MC:x438 (Saamiset)
fi_MC:x438,y-t04.06,41,Saamiset | R0370 | mi53 (Kirjanpitoarvo) | fi_MC:x438 (Saamiset)
fi_MC:x448,y-t05.01,25,Poistot ja arvonalentumiset yhteensä | R0260 | md103 (Tilikauden rahallinen kertymä) | fi_MC:x448 (Poistot ja arvonalentumiset)
fi_MC:x448,y-t05.05,21,Poistot ja arvonalentumiset | R0170 | fi_MC:x448 (Poistot ja arvonalentumiset)
fi_MC:x448,y-t05.06,21,Poistot ja arvonalentumiset | R0170 | fi_MC:x448 (Poistot ja arvonalentumiset)
fi_MC:x448,y-t05.11,7,Poistot ja arvonalentumiset | R0030 | fi_MC:x448 (Poistot ja arvonalentumiset)
fi_MC:x448,y-t05.12,7,Poistot ja arvonalentumiset | R0030 | fi_MC:x448 (Poistot ja arvonalentumiset)
fi_MC:x449,y-t05.01,21,Poistot ja arvonalentumiset | Suunnitelman mukaiset poistot | R0220 | md103 (Tilikauden rahallinen kertymä) | fi_MC:x449 (Suunnitelman mukaiset poistot)
fi_MC:x449,y-t05.02,21,Poistot ja arvonalentumiset | Suunnitelman mukaiset poistot | R0220 | md103 (Tilikauden rahallinen kertymä) | fi_MC:x449 (Suunnitelman mukaiset poistot) | fi_SC:x7 (Konsolidoitu)
fi_MC:x449,y-t05.05,22,Suunnitelman mukaiset poistot | R0180 | fi_MC:x449 (Suunnitelman mukaiset poistot)
fi_MC:x449,y-t05.06,22,Suunnitelman mukaiset poistot | R0180 | fi_MC:x449 (Suunnitelman mukaiset poistot)
fi_MC:x449,y-t06.03,7,Oikaisut | Suunnitelman mukaiset poistot | R0050 | md103 (Tilikauden rahallinen kertymä) | fi_MC:x449 (Suunnitelman mukaiset poistot)
fi_MC:x449,y-t06.04,7,Oikaisut | Suunnitelman mukaiset poistot | R0050 | md103 (Tilikauden rahallinen kertymä) | fi_MC:x449 (Suunnitelman mukaiset poistot)
fi_MC:x48,y-t05.01,6,Valmiiden ja keskeneräisten tuotteiden varastojen lisäys (vähennys) | R0020 | md103 (Tilikauden rahallinen kertymä) | fi_MC:x48 (Valmistevarastojen muutos)
fi_MC:x48,y-t05.05,6,Valmiiden ja keskeneräisten tuotteiden varastojen lisäys (vähennys) | R0020 | fi_MC:x48 (Valmistevarastojen muutos)
fi_MC:x48,y-t05.06,6,Valmiiden ja keskeneräisten tuotteiden varastojen lisäys (vähennys) | R0020 | fi_MC:x48 (Valmistevarastojen muutos)
fi_MC:x481,y-t04.01,19,Vastattavaa | R0190 | mi53 (Kirjanpitoarvo) | fi_MC:x481 (Vastattavaa)
fi_MC:x481,y-t04.02,21,Vastattavaa | R0210 | mi53 (Kirjanpitoarvo) | fi_MC:x481 (Vastattavaa)
fi_MC:x481,y-t04.03,49,Vastattavaa | R0450 | mi53 (Kirjanpitoarvo) | fi_MC:x481 (Vastattavaa)
fi_MC:x481,y-t04.04,49,Vastattavaa | R0450 | mi53 (Kirjanpitoarvo) | fi_MC:x481 (Vastattavaa)
fi_MC:x481,y-t04.05,62,Vastattavaa | R0580 | mi53 (Kirjanpitoarvo) | fi_MC:x481 (Vastattavaa)
fi_MC:x481,y-t04.06,63,Vastattavaa | R0590 | mi53 (Kirjanpitoarvo) | fi_MC:x481 (Vastattavaa)
fi_MC:x49,y-t05.01,8,Liiketoiminnan muut tuotot | R0040 | md103 (Tilikauden rahallinen kertymä) | fi_MC:x49 (Liiketoiminnan muut tuotot)
fi_MC:x49,y-t05.02,8,Liiketoiminnan muut tuotot | R0040 | md103 (Tilikauden rahallinen kertymä) | fi_MC:x49 (Liiketoiminnan muut tuotot)
fi_MC:x49,y-t05.03,10,Liiketoiminnan muut tuotot | R0060 | md103 (Tilikauden rahallinen kertymä) | fi_MC:x49 (Liiketoiminnan muut tuotot)
fi_MC:x49,y-t05.04,10,Liiketoiminnan muut tuotot | R0060 | md103 (Tilikauden rahallinen kertymä) | fi_MC:x49 (Liiketoiminnan muut tuotot)
fi_MC:x49,y-t05.05,8,Liiketoiminnan muut tuotot | R0040 | fi_MC:x49 (Liiketoiminnan muut tuotot)
fi_MC:x49,y-t05.06,8,Liiketoiminnan muut tuotot | R0040 | fi_MC:x49 (Liiketoiminnan muut tuotot)
fi_MC:x49,y-t05.07,10,Liiketoiminnan muut tuotot | R0060 | fi_MC:x49 (Liiketoiminnan muut tuotot)
fi_MC:x49,y-t05.08,10,Liiketoiminnan muut tuotot | R0060 | fi_MC:x49 (Liiketoiminnan muut tuotot)
fi_MC:x5,y-t05.01,20,Henkilöstökulut yhteensä | R0200 | md103 (Tilikauden rahallinen kertymä) | fi_MC:x5 (Henkilöstökulut)
fi_MC:x5,y-t05.05,16,Henkilöstökulut | R0120 | fi_MC:x5 (Henkilöstökulut)
fi_MC:x5,y-t05.06,16,Henkilöstökulut | R0120 | fi_MC:x5 (Henkilöstökulut)
fi_MC:x5,y-t05.11,6,Henkilöstökulut | R0020 | fi_MC:x5 (Henkilöstökulut)
fi_MC:x5,y-t05.12,6,Henkilöstökulut | R0020 | fi_MC:x5 (Henkilöstökulut)
fi_MC:x513,y-t04.01,8,Pysyvät vastaavat yhteensä | R0060 | mi53 (Kirjanpitoarvo) | fi_MC:x513 (Pysyvät vastaavat)
fi_MC:x513,y-t04.02,8,Pysyvät vastaavat yhteensä | R0060 | mi53 (Kirjanpitoarvo) | fi_SC:x7 (Konsolidoitu) | fi_MC:x513 (Pysyvät vastaavat)
fi_MC:x513,y-t04.03,6,Pysyvät vastaavat | R0020 | mi53 (Kirjanpitoarvo) | fi_MC:x513 (Pysyvät vastaavat)
fi_MC:x513,y-t04.04,6,Pysyvät vastaavat | R0020 | mi53 (Kirjanpitoarvo) | fi_MC:x513 (Pysyvät vastaavat)
fi_MC:x513,y-t04.05,6,Pysyvät vastaavat | R0020 | mi53 (Kirjanpitoarvo) | fi_MC:x513 (Pysyvät vastaavat)
fi_MC:x513,y-t04.06,6,Pysyvät vastaavat | R0020 | mi53 (Kirjanpitoarvo) | fi_MC:x513 (Pysyvät vastaavat)
fi_MC:x520,y-t05.01,15,Bruttotulos | R0130 | md103 (Tilikauden rahallinen kertymä) | fi_MC:x520 (Bruttotulos)
fi_MC:x520,y-t05.05,15,Bruttotulos | R0110 | fi_MC:x520 (Bruttotulos)
fi_MC:x520,y-t05.06,15,Bruttotulos | R0110 | fi_MC:x520 (Bruttotulos)
fi_MC:x520,y-t05.09,5,Bruttotulos | R0010 | fi_MC:x520 (Bruttotulos)
fi_MC:x520,y-t05.10,5,Bruttotulos | R0010 | fi_MC:x520 (Bruttotulos)
fi_MC:x520,y-t05.11,5,Bruttotulos | R0010 | fi_MC:x520 (Bruttotulos)
fi_MC:x520,y-t05.12,5,Bruttotulos | R0010 | fi_MC:x520 (Bruttotulos)
fi_MC:x541,y-t05.01,39,Tuloverot yhteensä | R0440 | md103 (Tilikauden rahallinen kertymä) | fi_MC:x541 (Tuloverot)
fi_MC:x541,y-t05.02,39,Tuloverot yhteensä | R0440 | md103 (Tilikauden rahallinen kertymä) | fi_MC:x541 (Tuloverot) | fi_SC:x7 (Konsolidoitu)
fi_MC:x541,y-t05.03,24,Tuloverot yhteensä | R0240 | md103 (Tilikauden rahallinen kertymä) | fi_MC:x541 (Tuloverot)
fi_MC:x541,y-t05.04,24,Tuloverot yhteensä | R0240 | md103 (Tilikauden rahallinen kertymä) | fi_SC:x7 (Konsolidoitu) | fi_MC:x541 (Tuloverot)
fi_MC:x541,y-t05.05,47,Tuloverot | R0430 | fi_MC:x541 (Tuloverot)
fi_MC:x541,y-t05.06,49,Tuloverot | R0450 | fi_MC:x541 (Tuloverot)
fi_MC:x541,y-t05.07,32,Tuloverot | R0280 | fi_MC:x541 (Tuloverot)
fi_MC:x541,y-t05.08,34,Tuloverot | R0300 | fi_MC:x541 (Tuloverot)
fi_MC:x541,y-t05.09,13,Tuloverot | R0090 | fi_MC:x541 (Tuloverot)
fi_MC:x541,y-t05.10,14,Tuloverot | R0100 | fi_MC:x541 (Tuloverot)
fi_MC:x544,y-t05.01,11,Varastojen lisäys (vähennys) | R0090 | md103 (Tilikauden rahallinen kertymä) | fi_MC:x544 (Varastojen lisäys (vähennys))
fi_MC:x544,y-t05.02,11,Varastojen lisäys (vähennys) | R0090 | md103 (Tilikauden rahallinen kertymä) | fi_MC:x544 (Varastojen lisäys (vähennys)) | fi_SC:x7 (Konsolidoitu)
fi_MC:x544,y-t05.05,13,Varastojen lisäys (vähennys) | R0090 | fi_MC:x544 (Varastojen lisäys (vähennys))
fi_MC:x544,y-t05.06,13,Varastojen lisäys (vähennys) | R0090 | fi_MC:x544 (Varastojen lisäys (vähennys))
fi_MC:x551,y-t04.01,5,Tase vastaavaa | Pysyvät vastaavat | Aineettomat hyödykkeet | R0030 | mi53 (Kirjanpitoarvo) | fi_MC:x551 (Aineettomat hyödykkeet)
fi_MC:x551,y-t04.02,5,Tase vastaavaa | Pysyvät vastaavat | Aineettomat hyödykkeet | R0030 | mi53 (Kirjanpitoarvo) | fi_SC:x7 (Konsolidoitu) | fi_MC:x551 (Aineettomat hyödykkeet)
fi_MC:x551,y-t04.03,7,Aineettomat hyödykkeet | R0030 | mi53 (Kirjanpitoarvo) | fi_MC:x551 (Aineettomat hyödykkeet)
fi_MC:x551,y-t04.04,7,Aineettomat hyödykkeet | R0030 | mi53 (Kirjanpitoarvo) | fi_MC:x551 (Aineettomat hyödykkeet)
fi_MC:x551,y-t04.05,7,Aineettomat hyödykkeet | R0030 | mi53 (Kirjanpitoarvo) | fi_MC:x551 (Aineettomat hyödykkeet)
fi_MC:x551,y-t04.06,7,Aineettomat hyödykkeet | R0030 | mi53 (Kirjanpitoarvo) | fi_MC:x551 (Aineettomat hyödykkeet)
fi_MC:x578,y-t04.01,11,Rahoitusarvopaperit | R0100 | mi53 (Kirjanpitoarvo) | fi_MC:x578 (Rahoitusarvopaperit)
fi_MC:x578,y-t04.02,11,Rahoitusarvopaperit | R0100 | mi53 (Kirjanpitoarvo) | fi_SC:x7 (Konsolidoitu) | fi_MC:x578 (Rahoitusarvopaperit)
fi_MC:x578,y-t04.03,44,Rahoitusarvopaperit | R0400 | mi53 (Kirjanpitoarvo) | fi_MC:x578 (Rahoitusarvopaperit)
fi_MC:x578,y-t04.04,44,Rahoitusarvopaperit | R0400 | mi53 (Kirjanpitoarvo) | fi_MC:x578 (Rahoitusarvopaperit)
fi_MC:x578,y-t04.05,57,Rahoitusarvopaperit | R0530 | mi53 (Kirjanpitoarvo) | fi_MC:x578 (Rahoitusarvopaperit)
fi_MC:x578,y-t04.06,58,Rahoitusarvopaperit | R0540 | mi53 (Kirjanpitoarvo) | fi_MC:x578 (Rahoitusarvopaperit)
fi_MC:x583,y-t04.01,7,Sijoitukset | R0050 | mi53 (Kirjanpitoarvo) | fi_MC:x583 (Sijoitukset)
fi_MC:x583,y-t04.02,7,Sijoitukset | R0050 | mi53 (Kirjanpitoarvo) | fi_SC:x7 (Konsolidoitu) | fi_MC:x583 (Sijoitukset)
fi_MC:x583,y-t04.03,22,Sijoitukset | R0180 | mi53 (Kirjanpitoarvo) | fi_MC:x583 (Sijoitukset)
fi_MC:x583,y-t04.04,22,Sijoitukset | R0180 | mi53 (Kirjanpitoarvo) | fi_MC:x583 (Sijoitukset)
fi_MC:x583,y-t04.05,25,Sijoitukset | R0210 | mi53 (Kirjanpitoarvo) | fi_MC:x583 (Sijoitukset)
fi_MC:x583,y-t04.06,26,Sijoitukset | R0220 | mi53 (Kirjanpitoarvo) | fi_MC:x583 (Sijoitukset)
fi_MC:x6,y-t05.01,16,Henkilöstökulut | Palkat ja palkkiot | R0150 | md103 (Tilikauden rahallinen kertymä) | fi_MC:x6 (Palkat ja palkkiot)
fi_MC:x6,y-t05.02,16,Henkilöstökulut | Palkat ja palkkiot | R0150 | md103 (Tilikauden rahallinen kertymä) | fi_MC:x6 (Palkat ja palkkiot) | fi_SC:x7 (Konsolidoitu)
fi_MC:x6,y-t05.05,17,Palkat ja palkkiot | R0130 | fi_MC:x6 (Palkat ja palkkiot)
fi_MC:x6,y-t05.06,17,Palkat ja palkkiot | R0130 | fi_MC:x6 (Palkat ja palkkiot)
fi_MC:x673,y-t05.01,5,Liikevaihto | R0010 | md103 (Tilikauden rahallinen kertymä) | fi_MC:x673 (Liikevaihto)
fi_MC:x673,y-t05.02,5,Liikevaihto | R0010 | md103 (Tilikauden rahallinen kertymä) | fi_MC:x673 (Liikevaihto)
fi_MC:x673,y-t05.03,5,Liikevaihto | R0010 | md103 (Tilikauden rahallinen kertymä) | fi_MC:x673 (Liikevaihto)
fi_MC:x673,y-t05.05,5,Liikevaihto | R0010 | fi_MC:x673 (Liikevaihto)
fi_MC:x673,y-t05.06,5,Liikevaihto | R0010 | fi_MC:x673 (Liikevaihto)
fi_MC:x673,y-t05.07,5,Liikevaihto | R0010 | fi_MC:x673 (Liikevaihto)
fi_MC:x673,y-t05.08,5,Liikevaihto | R0010 | fi_MC:x673 (Liikevaihto)
fi_MC:x689,y-t05.01,28,Liikevoitto (-tappio) | R0290 | md103 (Tilikauden rahallinen kertymä) | fi_MC:x689 (Liikevoitto (-tappio))
fi_MC:x689,y-t05.02,28,Liikevoitto (-tappio) | R0290 | md103 (Tilikauden rahallinen kertymä) | fi_MC:x689 (Liikevoitto (-tappio))
fi_MC:x689,y-t05.03,13,Liikevoitto (-tappio) | R0090 | md103 (Tilikauden rahallinen kertymä) | fi_MC:x689 (Liikevoitto (-tappio))
fi_MC:x689,y-t05.05,26,Liikevoitto (-tappio) | R0220 | fi_MC:x689 (Liikevoitto (-tappio))
fi_MC:x689,y-t05.06,28,Liikevoitto (-tappio) | R0240 | fi_MC:x689 (Liikevoitto (-tappio))
fi_MC:x689,y-t05.07,12,Liikevoitto (-tappio) | R0080 | fi_MC:x689 (Liikevoitto (-tappio))
fi_MC:x689,y-t05.08,13,Liikevoitto (-tappio) | R0090 | fi_MC:x689 (Liikevoitto (-tappio))
fi_MC:x689,y-t05.09,9,Liikevoitto (-tappio) | R0050 | fi_MC:x689 (Liikevoitto (-tappio))
fi_MC:x689,y-t05.10,10,Liikevoitto (-tappio) | R0060 | fi_MC:x689 (Liikevoitto (-tappio))
fi_MC:x689,y-t05.11,9,Liikevoitto (-tappio) | R0050 | fi_MC:x689 (Liikevoitto (-tappio))
fi_MC:x689,y-t05.12,10,Liikevoitto (-tappio) | R0060 | fi_MC:x689 (Liikevoitto (-tappio))
fi_MC:x738,y-t05.01,32,Voitto (tappio) ennen tilinpäätössiirtoja ja veroja | R0340 | md103 (Tilikauden rahallinen kertymä) | fi_MC:x738 (Voitto (tappio) ennen tilinpäätössiirtoja ja veroja)
fi_MC:x738,y-t05.02,32,Voitto (tappio) ennen tilinpäätössiirtoja ja veroja | R0340 | md103 (Tilikauden rahallinen kertymä) | fi_MC:x738 (Voitto (tappio) ennen tilinpäätössiirtoja ja veroja)
fi_MC:x738,y-t05.03,17,Voitto (tappio) ennen tilinpäätössiirtoja ja veroja | R0140 | md103 (Tilikauden rahallinen kertymä) | fi_MC:x738 (Voitto (tappio) ennen tilinpäätössiirtoja ja veroja)
fi_MC:x738,y-t05.05,42,Voitto (tappio) ennen tilinpäätössiirtoja ja veroja | R0380 | fi_MC:x738 (Voitto (tappio) ennen tilinpäätössiirtoja ja veroja)
fi_MC:x738,y-t05.06,44,Voitto (tappio) ennen tilinpäätössiirtoja ja veroja | R0400 | fi_MC:x738 (Voitto (tappio) ennen tilinpäätössiirtoja ja veroja)
fi_MC:x738,y-t05.07,28,Voitto (tappio) ennen tilinpäätössiirtoja ja veroja | R0240 | fi_MC:x738 (Voitto (tappio) ennen tilinpäätössiirtoja ja veroja)
fi_MC:x738,y-t05.08,29,Voitto (tappio) ennen tilinpäätössiirtoja ja veroja | R0250 | fi_MC:x738 (Voitto (tappio) ennen tilinpäätössiirtoja ja veroja)
fi_MC:x738,y-t05.09,11,Voitto (tappio) ennen tilinpäätössiirtoja ja veroja | R0070 | fi_MC:x738 (Voitto (tappio) ennen tilinpäätössiirtoja ja veroja)
fi_MC:x738,y-t05.10,12,Voitto (tappio) ennen tilinpäätössiirtoja ja veroja | R0080 | fi_MC:x738 (Voitto (tappio) ennen tilinpäätössiirtoja ja veroja)
fi_MC:x738,y-t05.11,11,Voitto (tappio) ennen tilinpäätössiirtoja ja veroja | R0070 | fi_MC:x738 (Voitto (tappio) ennen tilinpäätössiirtoja ja veroja)
fi_MC:x738,y-t05.12,12,Voitto (tappio) ennen tilinpäätössiirtoja ja veroja | R0080 | fi_MC:x738 (Voitto (tappio) ennen tilinpäätössiirtoja ja veroja)
fi_MC:x738,y-t06.03,6,Voitto (tappio) ennen tilinpäätössiirtoja ja veroja | R0030 | md103 (Tilikauden rahallinen kertymä) | fi_MC:x738 (Voitto (tappio) ennen tilinpäätössiirtoja ja veroja)
fi_MC:x738,y-t06.04,6,Voitto (tappio) ennen tilinpäätössiirtoja ja veroja | R0030 | md103 (Tilikauden rahallinen kertymä) | fi_MC:x738 (Voitto (tappio) ennen tilinpäätössiirtoja ja veroja)
fi_MC:x740,y-t05.01,43,Tilikauden voitto (tappio) | R0480 | md103 (Tilikauden rahallinen kertymä) | fi_MC:x740 (Tilikauden voitto (tappio))
fi_MC:x740,y-t05.02,43,Tilikauden voitto (tappio) | R0480 | md103 (Tilikauden rahallinen kertymä) | fi_MC:x740 (Tilikauden voitto (tappio))
fi_MC:x740,y-t05.03,28,Tilikauden voitto (tappio) | R0280 | md103 (Tilikauden rahallinen kertymä) | fi_MC:x740 (Tilikauden voitto (tappio))
fi_MC:x740,y-t05.04,28,Tilikauden voitto (tappio) | R0280 | md103 (Tilikauden rahallinen kertymä) | fi_MC:x740 (Tilikauden voitto (tappio))
fi_MC:x740,y-t05.05,48,Tilikauden voitto (tappio) | R0440 | fi_MC:x740 (Tilikauden voitto (tappio))
fi_MC:x740,y-t05.06,52,Tilikauden voitto (tappio) | R0480 | fi_MC:x740 (Tilikauden voitto (tappio))
fi_MC:x740,y-t05.07,35,Tilikauden voitto (tappio) | R0310 | fi_MC:x740 (Tilikauden voitto (tappio))
fi_MC:x740,y-t05.08,37,Tilikauden voitto (tappio) | R0330 | fi_MC:x740 (Tilikauden voitto (tappio))
fi_MC:x740,y-t05.09,15,Tilikauden voitto (tappio) | R0110 | fi_MC:x740 (Tilikauden voitto (tappio))
fi_MC:x740,y-t05.10,17,Tilikauden voitto (tappio) | R0130 | fi_MC:x740 (Tilikauden voitto (tappio))
fi_MC:x740,y-t05.11,14,Tilikauden voitto (tappio) | R0100 | fi_MC:x740 (Tilikauden voitto (tappio))
fi_MC:x740,y-t05.12,16,Tilikauden voitto (tappio) | R0120 | fi_MC:x740 (Tilikauden voitto (tappio))
fi_MC:x755,y-t05.01,10,"Materiaalit ja palvelut | Aineet, tarvikkeet ja tavarat | Ostot tilikauden aikana | R0080 | md103 (Tilikauden rahallinen kertymä) | fi_MC:x755 (Ostot tilikauden aikana)"
fi_MC:x755,y-t05.02,10,"Materiaalit ja palvelut | Aineet, tarvikkeet ja tavarat | Ostot tilikauden aikana | R0080 | md103 (Tilikauden rahallinen kertymä) | fi_MC:x755 (Ostot tilikauden aikana) | fi_SC:x7 (Konsolidoitu)"
fi_MC:x755,y-t05.05,12,Ostot tilikauden aikana | R0080 | fi_MC:x755 (Ostot tilikauden aikana)
fi_MC:x755,y-t05.06,12,Ostot tilikauden aikana | R0080 | fi_MC:x755 (Ostot tilikauden aikana)
fi_MC:x758,y-t05.01,14,Materiaalit ja palvelut yhteensä | R0120 | md103 (Tilikauden rahallinen kertymä) | fi_MC:x758 (Materiaalit ja palvelut)
fi_MC:x758,y-t05.05,10,Materiaalit ja palvelut | R0060 | fi_MC:x758 (Materiaalit ja palvelut)
fi_MC:x758,y-t05.06,10,Materiaalit ja palvelut | R0060 | fi_MC:x758 (Materiaalit ja palvelut)
fi_MC:x8,y-t05.01,17,Henkilösivukulut | Eläkekulut | R0170 | md103 (Tilikauden rahallinen kertymä) | fi_MC:x8 (Eläkekulut)
fi_MC:x8,y-t05.02,17,Henkilösivukulut | Eläkekulut | R0170 | md103 (Tilikauden rahallinen kertymä) | fi_MC:x8 (Eläkekulut) | fi_SC:x7 (Konsolidoitu)
fi_MC:x8,y-t05.05,19,Eläkekulut | R0150 | fi_MC:x8 (Eläkekulut)
fi_MC:x8,y-t05.06,19,Eläkekulut | R0150 | fi_MC:x8 (Eläkekulut)
fi_MC:x807,y-t04.01,9,Vaihtuvat vastaavat | Vaihto-omaisuus | R0080 | mi53 (Kirjanpitoarvo) | fi_MC:x807 (Vaihto-omaisuus)
fi_MC:x807,y-t04.02,9,Vaihtuvat vastaavat | Vaihto-omaisuus | R0080 | mi53 (Kirjanpitoarvo) | fi_SC:x7 (Konsolidoitu) | fi_MC:x807 (Vaihto-omaisuus)
fi_MC:x807,y-t04.03,30,Vaihto-omaisuus | R0260 | mi53 (Kirjanpitoarvo) | fi_MC:x807 (Vaihto-omaisuus)
fi_MC:x807,y-t04.04,30,Vaihto-omaisuus | R0260 | mi53 (Kirjanpitoarvo) | fi_MC:x807 (Vaihto-omaisuus)
fi_MC:x807,y-t04.05,34,Vaihto-omaisuus | R0300 | mi53 (Kirjanpitoarvo) | fi_MC:x807 (Vaihto-omaisuus)
fi_MC:x807,y-t04.06,35,Vaihto-omaisuus | R0310 | mi53 (Kirjanpitoarvo) | fi_MC:x807 (Vaihto-omaisuus)
fi_MC:x816,y-t04.01,6,Aineelliset hyödykkeet | R0040 | mi53 (Kirjanpitoarvo) | fi_MC:x816 (Aineelliset hyödykkeet)
fi_MC:x816,y-t04.02,6,Aineelliset hyödykkeet | R0040 | mi53 (Kirjanpitoarvo) | fi_SC:x7 (Konsolidoitu) | fi_MC:x816 (Aineelliset hyödykkeet)
fi_MC:x816,y-t04.03,16,Aineelliset hyödykkeet | R0120 | mi53 (Kirjanpitoarvo) | fi_MC:x816 (Aineelliset hyödykkeet)
fi_MC:x816,y-t04.04,16,Aineelliset hyödykkeet | R0120 | mi53 (Kirjanpitoarvo) | fi_MC:x816 (Aineelliset hyödykkeet)
fi_MC:x816,y-t04.05,15,Aineelliset hyödykkeet | R0110 | mi53 (Kirjanpitoarvo) | fi_MC:x816 (Aineelliset hyödykkeet)
fi_MC:x816,y-t04.06,16,Aineelliset hyödykkeet | R0120 | mi53 (Kirjanpitoarvo) | fi_MC:x816 (Aineelliset hyödykkeet)
fi_MC:x9,y-t05.01,18,Muut henkilösivukulut | R0180 | md103 (Tilikauden rahallinen kertymä) | fi_MC:x9 (Muut henkilösivukulut)
fi_MC:x9,y-t05.02,18,Muut henkilösivukulut | R0180 | md103 (Tilikauden rahallinen kertymä) | fi_MC:x9 (Muut henkilösivukulut) | fi_SC:x7 (Konsolidoitu)
fi_MC:x9,y-t05.05,20,Muut henkilösivukulut | R0160 | fi_MC:x9 (Muut henkilösivukulut)
fi_MC:x9,y-t05.06,20,Muut henkilösivukulut | R0160 | fi_MC:x9 (Muut henkilösivukulut)
fi_MC:x932,y-t04.03,60,Edellisten tilikausien voitto (tappio) | R0560 | mi53 (Kirjanpitoarvo) | fi_MC:x932 (Edellisten tilikausien voitto (tappio))
fi_MC:x932,y-t04.04,60,Edellisten tilikausien voitto (tappio) | R0560 | mi53 (Kirjanpitoarvo) | fi_MC:x932 (Edellisten tilikausien voitto (tappio))
fi_MC:x932,y-t04.05,73,Edellisten tilikausien voitto (tappio) | R0690 | mi53 (Kirjanpitoarvo) | fi_MC:x932 (Edellisten tilikausien voitto (tappio))
fi_MC:x932,y-t04.06,74,Edellisten tilikausien voitto (tappio) | R0700 | mi53 (Kirjanpitoarvo) | fi_MC:x932 (Edellisten tilikausien voitto (tappio))
fi_MC:x933,y-t04.03,53,Arvonkorotusrahasto | R0490 | mi53 (Kirjanpitoarvo) | fi_MC:x933 (Arvonkorotusrahasto)
fi_MC:x933,y-t04.04,53,Arvonkorotusrahasto | R0490 | mi53 (Kirjanpitoarvo) | fi_MC:x933 (Arvonkorotusrahasto)
fi_MC:x933,y-t04.05,66,Arvonkorotusrahasto | R0620 | mi53 (Kirjanpitoarvo) | fi_MC:x933 (Arvonkorotusrahasto)
fi_MC:x933,y-t04.06,67,Arvonkorotusrahasto | R0630 | mi53 (Kirjanpitoarvo) | fi_MC:x933 (Arvonkorotusrahasto)
fi_MC:x933,y-t07.02,8,Arvonkorotusrahasto | R.0040 | fi_MC:x933 (Arvonkorotusrahasto)
fi_RF:x4,y-t04.01,20,fi_dim:REF (Viite ajankohta tai -kausi) | fi_RF:x4 (Tilikauden loppussa T-1)
fi_RF:x4,y-t04.02,22,fi_dim:REF (Viite ajankohta tai -kausi) | fi_RF:x4 (Tilikauden loppussa T-1)
fi_RF:x4,y-t04.03,83,fi_dim:REF (Viite ajankohta tai -kausi) | fi_RF:x4 (Tilikauden loppussa T-1)
fi_RF:x4,y-t04.04,84,fi_dim:REF (Viite ajankohta tai -kausi) | fi_RF:x4 (Tilikauden loppussa T-1)
fi_RF:x4,y-t04.05,112,fi_dim:REF (Viite ajankohta tai -kausi) | fi_RF:x4 (Tilikauden loppussa T-1)
fi_RF:x4,y-t04.06,116,fi_dim:REF (Viite ajankohta tai -kausi) | fi_RF:x4 (Tilikauden loppussa T-1)
fi_RF:x53,y-t05.01,44,fi_dim:REF (Viite ajankohta tai -kausi) | fi_RF:x53 (Edellinen tilikausi T-1)
fi_RF:x53,y-t05.02,44,fi_dim:REF (Viite ajankohta tai -kausi) | fi_RF:x53 (Edellinen tilikausi T-1)
fi_RF:x53,y-t05.03,29,fi_dim:REF (Viite ajankohta tai -kausi) | fi_RF:x53 (Edellinen tilikausi T-1)
fi_RF:x53,y-t05.04,29,fi_dim:REF (Viite ajankohta tai -kausi) | fi_RF:x53 (Edellinen tilikausi T-1)
fi_RF:x53,y-t05.05,50,fi_dim:REF (Viite ajankohta tai -kausi) | fi_RF:x53 (Edellinen tilikausi T-1)
fi_RF:x53,y-t05.06,55,fi_dim:REF (Viite ajankohta tai -kausi) | fi_RF:x53 (Edellinen tilikausi T-1)
fi_RF:x53,y-t05.07,37,fi_dim:REF (Viite ajankohta tai -kausi) | fi_RF:x53 (Edellinen tilikausi T-1)
fi_RF:x53,y-t05.08,40,fi_dim:REF (Viite ajankohta tai -kausi) | fi_RF:x53 (Edellinen tilikausi T-1)
fi_RF:x53,y-t05.09,17,fi_dim:REF (Viite ajankohta tai -kausi) | fi_RF:x53 (Edellinen tilikausi T-1)
fi_RF:x53,y-t05.10,20,fi_dim:REF (Viite ajankohta tai -kausi) | fi_RF:x53 (Edellinen tilikausi T-1)
fi_RF:x53,y-t05.11,16,fi_dim:REF (Viite ajankohta tai -kausi) | fi_RF:x53 (Edellinen tilikausi T-1)
fi_RF:x53,y-t05.12,19,fi_dim:REF (Viite ajankohta tai -kausi) | fi_RF:x53 (Edellinen tilikausi T-1)
fi_RF:x53,y-t06.01,45,fi_dim:REF (Viite ajankohta tai -kausi) | fi_RF:x53 (Edellinen tilikausi T-1)
fi_RF:x53,y-t06.02,46,fi_dim:REF (Viite ajankohta tai -kausi) | fi_RF:x53 (Edellinen tilikausi T-1)
fi_RF:x53,y-t06.03,52,fi_dim:REF (Viite ajankohta tai -kausi) | fi_RF:x53 (Edellinen tilikausi T-1)
fi_RF:x53,y-t06.04,53,fi_dim:REF (Viite ajankohta tai -kausi) | fi_RF:x53 (Edellinen tilikausi T-1)
fi_dim:MCY,y-t03.01,3,Toimintakertomuksen teksimuotoinen tieto | fi_dim:MCY (Pääkategoria)
fi_dim:MCY,y-t04.01,3,Päättynyt tilikausi | End of previous accounting year | Metrics | fi_dim:MCY (Pääkategoria)
fi_dim:MCY,y-t04.02,3,Päättynyt tilikausi | Edellisen tilikauden lopussa | Metrics | fi_dim:SCO (Konsolidoinnin laajuus) | fi_dim:MCY (Pääkategoria)
fi_dim:MCY,y-t04.03,3,Tilikauden lopussa | Edellisen tilikauden lopussa | Metrics | fi_dim:MCY (Pääkategoria)
fi_dim:MCY,y-t04.04,3,Tilikauden lopussa | Edellisen tilikauden lopussa | Metrics | fi_dim:MCY (Pääkategoria)
fi_dim:MCY,y-t04.05,3,Tilikauden lopussa | Edellisen tilikauden lopussa | Metrics | fi_dim:MCY (Pääkategoria)
fi_dim:MCY,y-t04.06,3,Tilikauden lopussa | Edellisen tilikauden lopussa | Metrics | fi_dim:MCY (Pääkategoria)
fi_dim:MCY,y-t05.01,3,Current period | Edellinen tilikausi | Metrics | fi_dim:MCY (Pääkategoria)
fi_dim:MCY,y-t05.02,3,Current period | Edellinen tilikausi | Metrics | fi_dim:MCY (Pääkategoria) | fi_dim:SCO (Konsolidoinnin laajuus)
fi_dim:MCY,y-t05.03,3,Current period | Previous period | Metrics | fi_dim:MCY (Pääkategoria)
fi_dim:MCY,y-t05.04,3,Current period | Previous period | Metrics | fi_dim:SCO (Konsolidoinnin laajuus) | fi_dim:MCY (Pääkategoria)
fi_dim:MCY,y-t05.05,3,Reference (e.g. current) period / date | Edellinen tilikausi T-1 | fi_dim:MCY (Pääkategoria)
fi_dim:MCY,y-t05.06,3,Reference (e.g. current) period / date | Edellinen tilikausi T-1 | fi_dim:MCY (Pääkategoria)
fi_dim:MCY,y-t05.07,3,Reference (e.g. current) period / date | Edellinen tilikausi T-1 | fi_dim:MCY (Pääkategoria)
fi_dim:MCY,y-t05.08,3,Reference (e.g. current) period / date | Edellinen tilikausi T-1 | fi_dim:MCY (Pääkategoria)
fi_dim:MCY,y-t05.09,3,Reference (e.g. current) period / date | Edellinen tilikausi T-1 | fi_dim:MCY (Pääkategoria)
fi_dim:MCY,y-t05.10,3,Reference (e.g. current) period / date | Edellinen tilikausi T-1 | fi_dim:MCY (Pääkategoria)
fi_dim:MCY,y-t05.11,3,Reference (e.g. current) period / date | Edellinen tilikausi T-1 | fi_dim:MCY (Pääkategoria)
fi_dim:MCY,y-t05.12,3,Reference (e.g. current) period / date | Edellinen tilikausi T-1 | fi_dim:MCY (Pääkategoria)
fi_dim:MCY,y-t06.01,3,Current period | Edellinen tilikausi | Metrics | fi_dim:MCY (Pääkategoria)
fi_dim:MCY,y-t06.02,3,Current period | Edellinen tilikausi | Metrics | fi_dim:MCY (Pääkategoria)
fi_dim:MCY,y-t06.03,3,Current period | Previous period | Metrics | fi_dim:MCY (Pääkategoria)
fi_dim:MCY,y-t06.04,3,Current period | Previous period | Metrics | fi_dim:MCY (Pääkategoria)
fi_dim:MCY,y-t07.01,3,fi_dim:MCY (Pääkategoria)
fi_dim:MCY,y-t07.02,3,fi_dim:MCY (Pääkategoria)
fi_dim:MCY,y-t07.03,3,fi_dim:MCY (Pääkategoria)
fi_dim:MCY,y-t07.05,3,fi_dim:MCY (Pääkategoria)
fi_dim:MCY,y-t07.06,3,Liitetieto | fi_dim:MCY (Pääkategoria)
fi_dim:REF,y-t04.01,20,fi_dim:REF (Viite ajankohta tai -kausi) | fi_RF:x4 (Tilikauden loppussa T-1)
fi_dim:REF,y-t04.02,22,fi_dim:REF (Viite ajankohta tai -kausi) | fi_RF:x4 (Tilikauden loppussa T-1)
fi_dim:REF,y-t04.03,83,fi_dim:REF (Viite ajankohta tai -kausi) | fi_RF:x4 (Tilikauden loppussa T-1)
fi_dim:REF,y-t04.04,84,fi_dim:REF (Viite ajankohta tai -kausi) | fi_RF:x4 (Tilikauden loppussa T-1)
fi_dim:REF,y-t04.05,112,fi_dim:REF (Viite ajankohta tai -kausi) | fi_RF:x4 (Tilikauden loppussa T-1)
fi_dim:REF,y-t04.06,116,fi_dim:REF (Viite ajankohta tai -kausi) | fi_RF:x4 (Tilikauden loppussa T-1)
fi_dim:REF,y-t05.01,44,fi_dim:REF (Viite ajankohta tai -kausi) | fi_RF:x53 (Edellinen tilikausi T-1)
fi_dim:REF,y-t05.02,44,fi_dim:REF (Viite ajankohta tai -kausi) | fi_RF:x53 (Edellinen tilikausi T-1)
fi_dim:REF,y-t05.03,29,fi_dim:REF (Viite ajankohta tai -kausi) | fi_RF:x53 (Edellinen tilikausi T-1)
fi_dim:REF,y-t05.04,29,fi_dim:REF (Viite ajankohta tai -kausi) | fi_RF:x53 (Edellinen tilikausi T-1)
fi_dim:REF,y-t05.05,50,fi_dim:REF (Viite ajankohta tai -kausi) | fi_RF:x53 (Edellinen tilikausi T-1)
fi_dim:REF,y-t05.06,55,fi_dim:REF (Viite ajankohta tai -kausi) | fi_RF:x53 (Edellinen tilikausi T-1)
fi_dim:REF,y-t05.07,37,fi_dim:REF (Viite ajankohta tai -kausi) | fi_RF:x53 (Edellinen tilikausi T-1)
fi_dim:REF,y-t05.08,40,fi_dim:REF (Viite ajankohta tai -kausi) | fi_RF:x53 (Edellinen tilikausi T-1)
fi_dim:REF,y-t05.09,17,fi_dim:REF (Viite ajankohta tai -kausi) | fi_RF:x53 (Edellinen tilikausi T-1)
fi_dim:REF,y-t05.10,20,fi_dim:REF (Viite ajankohta tai -kausi) | fi_RF:x53 (Edellinen tilikausi T-1)
fi_dim:REF,y-t05.11,16,fi_dim:REF (Viite ajankohta tai -kausi) | fi_RF:x53 (Edellinen tilikausi T-1)
fi_dim:REF,y-t05.12,19,fi_dim:REF (Viite ajankohta tai -kausi) | fi_RF:x53 (Edellinen tilikausi T-1)
fi_dim:REF,y-t06.01,45,fi_dim:REF (Viite ajankohta tai -kausi) | fi_RF:x53 (Edellinen tilikausi T-1)
fi_dim:REF,y-t06.02,46,fi_dim:REF (Viite ajankohta tai -kausi) | fi_RF:x53 (Edellinen tilikausi T-1)
fi_dim:REF,y-t06.03,52,fi_dim:REF (Viite ajankohta tai -kausi) | fi_RF:x53 (Edellinen tilikausi T-1)
fi_dim:REF,y-t06.04,53,fi_dim:REF (Viite ajankohta tai -kausi) | fi_RF:x53 (Edellinen tilikausi T-1)
